#,title,authors,journal,year,doi,link
1,River network routing on the NHDPlus dataset,David et al. (2011),Journal of Hydrometeorology,2011,10.1175/2011JHM1345.1,https://doi.org/10.1175/2011JHM1345.1
2,RAPID applied to the SIM-France model,David et al. (2011),Hydrological Processes,2011,10.1002/hyp.8070,https://doi.org/10.1002/hyp.8070
3,"Quantification of the upstream-to-downstream influence in the Muskingum method, and implications for speedup in parallel computations of river flow",David et al. (2013),Water Resources Research,2013,10.1002/wrcr.20250,https://doi.org/10.1002/wrcr.20250
4,"Regional-scale river flow modeling using off-the-shelf runoff products, thousands of mapped rivers and hundreds of stream flow gauges",David et al. (2013),Environmental Modelling & Software,2013,10.1016/j.envsoft.2012.12.011,https://doi.org/10.1016/j.envsoft.2012.12.011
5,Enhanced fixed-size parallel speedup with the Muskingum method using a trans-boundary approach and a large sub-basins approximation,David et al. (2015),Water Resources Research,2015,10.1002/2014WR016650,https://doi.org/10.1002/2014WR016650
6,A Decade of RAPID – Reflections on the Development of an Open Source Geoscience Code,David et al. (2016),Earth and Space Science,2016,10.1002/2015EA000142,https://doi.org/10.1002/2015EA000142
7,Analytical Propagation of Runoff Uncertainty into Discharge Uncertainty through a Large River Network,David et al. (2019),Geophysical Research Letters,2019,10.1029/2019GL083342,https://doi.org/10.1029/2019GL083342
8,Underlying Fundamentals of Kalman Filtering for River Network Modeling,Emery et al. (2020),Journal of Hydrometeorology,2020,10.1175/JHM-D-19-0084.1,https://doi.org/10.1175/JHM-D-19-0084.1
9,Global patterns in river water storage dependent on residence time,Collins et al. (2024),Nature Geoscience,2024,10.1038/s41561-024-01421-5,https://doi.org/10.1038/s41561-024-01421-5
10,Evaluation of regional-scale water level simulations using various river routing schemes within a hydrometeorological modelling framework for the preparation of the SWOT mission,Häfliger et al. (2015),Journal of Hydrometeorology,2015,10.1175/JHM-D-14-0107.1,https://doi.org/10.1175/JHM-D-14-0107.1
11,"Development and evaluation of a physically-based lake level model for water resource management: A case study for Lake Buchanan, Texas",Lin et al. (2015),Journal of Hydrology: Regional Studies,2015,10.1016/j.ejrh.2015.08.005,https://doi.org/10.1016/j.ejrh.2015.08.005
12,A GIS Framework for Regional Modeling of Riverine Nitrogen Transport: Case Study: San Antonio and Guadalupe Basins,Tavakoly et al. (2015),Journal of the American Water Resources Association,2015,10.1111/1752-1688.12355,https://doi.org/10.1111/1752-1688.12355
13,A High-Resolution National-Scale Hydrologic Forecast System from a Global Ensemble Land Surface Model,Snow et al. (2016),Journal of the American Water Resources Association,2016,10.1111/1752-1688.12434,https://doi.org/10.1111/1752-1688.12434
14,Continental Scale River Flow Modeling of the Mississippi River Basin Using High Resolution NHDPlus Dataset,Tavakoly et al. (2016),Journal of the American Water Resources Association,2016,10.1111/1752-1688.12456,https://doi.org/10.1111/1752-1688.12456
15,Implementation of a vector-based river network routing scheme in the community WRF-Hydro modeling framework for flood discharge simulation,Lin et al. (2018),Environmental Modelling & Software,2018,10.1016/j.envsoft.2018.05.018,https://doi.org/10.1016/j.envsoft.2018.05.018
16,Enabling Stakeholder Decision-Making with Earth Observation and Modeling Data Using Tethys Platform,Nelson et al. (2019),Frontiers Environmental Science,2019,10.3389/fenvs.2019.00148,https://doi.org/10.3389/fenvs.2019.00148
17,Evaluation of Available Global Runoff Datasets through a River Model in Support of Transboundary Water Management in South and Southeast Asia,Sikder et al. (2019),Frontiers in Environmental Science,2019,10.3389/fenvs.2019.00171,https://doi.org/10.3389/fenvs.2019.00171
18,Development of non-data driven reservoir routing in the routing application for parallel computatIon of discharge (RAPID) model,Tavakoly et al. (2023),Environmental Modelling & Software,2023,10.1016/j.envsoft.2023.105631,https://doi.org/10.1016/j.envsoft.2023.105631
19,River Network Routing and Discharge Partitioning on a Multichannel River Network,Collins et al. (2025),Water Resources Research,2025,10.1029/2025WR041417,https://doi.org/10.1029/2025WR041417
20,Event-based serverless environmental modeling on the cloud: A pedagogical guide and river case study,Tom et al. (2026),Environmental Modelling & Software,2026,10.1016/j.envsoft.2025.106753,https://doi.org/10.1016/j.envsoft.2025.106753
21,Towards Real-Time Continental Scale Streamflow Simulation in Continuous and Discrete Space,Salas et al. (2017),Journal of the American Water Resources Association,2017,10.1111/1752-1688.12586,https://doi.org/10.1111/1752-1688.12586
22,A Systems Approach to Routing Global Gridded Runoff through Local High-Resolution Stream Networks for Flood Early Warning Systems,Qiao et al. (2019),Environmental Modelling & Software,2019,10.1016/j.envsoft.2019.104501,https://doi.org/10.1016/j.envsoft.2019.104501
23,Global Reconstruction of Naturalized River Flows at 2.94 Million Reaches,Lin et al. (2019),Water Resources Research,2019,10.1029/2019WR025287,https://doi.org/10.1029/2019WR025287
24,Global Reach-level 3-hourly River Flood Reanalysis (1980-2019),Yang et al. (2021),Bulletin of the American Meteorological Society,2021,10.1175/BAMS-D-20-0057.1,https://doi.org/10.1175/BAMS-D-20-0057.1
25,Exploring the factors controlling the error characteristics of the Surface Water and Ocean Topography mission discharge estimates,Frasson et al. (2021),Water Resources Research,2021,10.1029/2020WR028519,https://doi.org/10.1029/2020WR028519
26,A Synthetic Dataset Inspired by Satellite Altimetry and Impacts of Sampling on Global Spaceborne Discharge Characterization,Sikder et al. (2021),Water Resources Research,2021,10.1029/2020WR029035,https://doi.org/10.1029/2020WR029035
27,A framework for estimating global river discharge from the Surface Water and Ocean Topography satellite mission,Durand et al. (2023),Water Resources Research,2023,10.1029/2021WR031614,https://doi.org/10.1029/2021WR031614
28,A first look at river discharge estimation from SWOT satellite observations,Andreadis et al. (2025),Geophysical Research Letters,2025,10.1029/2024GL114185,https://doi.org/10.1029/2024GL114185
29,Intrinsic spatial scales of river stores and fluxes and their relative contributions to the global water cycle,Wade et al. (2025),Geophysical Research Letters,2025,10.1029/2024GL113052,https://doi.org/10.1029/2024GL113052
30,Wide-swath altimetry maps bank shapes and storage changes in global rivers,Cerbelaud et al. (2026),Nature,2026,10.1038/s41586-026-10218-y,https://doi.org/10.1038/s41586-026-10218-y
31,Bidirectional Translations Between Observational and Topography-based Hydrographic Datasets: MERIT-Basins and the SWOT River Database (SWORD),Wade et al. (2025),Water Resources Research,2025,10.1029/2024WR038633,https://doi.org/10.1029/2024WR038633
