suggested_action,reason,title,venue,year,doi,citations_s2,source
recommend,strong CMS-Flux flux/inversion signal,Estimating global and North American methane emissions with high spatial resolution using GOSAT satellite data,,2015,10.5194/ACP-15-7049-2015,285,S2 core-author crawl (Bowman/Liu/Byrne/+co-authors)
recommend,strong CMS-Flux flux/inversion signal,Quantifying the Impact of Atmospheric Transport Uncertainty on CO2 Surface Flux Estimates,Global Biogeochemical Cycles,2019,10.1029/2018GB006086,142,S2 core-author crawl (Bowman/Liu/Byrne/+co-authors)
recommend,strong CMS-Flux flux/inversion signal,The impact of transport model differences on CO 2 surface flux estimates from OCO-2 retrievals of column average CO 2,,2017,10.5194/ACP-18-7189-2018,118,S2 core-author crawl (Bowman/Liu/Byrne/+co-authors)
recommend,strong CMS-Flux flux/inversion signal,Carbon Monitoring System Flux Net Biosphere Exchange 2020 (CMS-Flux NBE 2020),Earth System Science Data,2020,10.5194/essd-2020-123-supplement,108,S2 core-author crawl (Bowman/Liu/Byrne/+co-authors)
recommend,strong CMS-Flux flux/inversion signal,"Southern California megacity CO2, CH4, and CO flux estimates using ground- and space-based remote sensing and a Lagrangian model",Atmospheric Chemistry and Physics,2018,10.5194/ACP-18-16271-2018,78,S2 core-author crawl (Bowman/Liu/Byrne/+co-authors)
recommend,strong CMS-Flux flux/inversion signal,Estimation of surface carbon fluxes with an advanced data assimilation methodology,,2011,10.1029/2012JD018259,73,S2 core-author crawl (Bowman/Liu/Byrne/+co-authors)
recommend,strong CMS-Flux flux/inversion signal,Carbon uptake in Eurasian boreal forests dominates the high‐latitude net ecosystem carbon budget,Global Change Biology,2023,10.1111/gcb.16553,62,S2 core-author crawl (Bowman/Liu/Byrne/+co-authors)
recommend,strong CMS-Flux flux/inversion signal,Assessing the magnitude of CO2 flux uncertainty in atmospheric CO2 records using products from NASA's Carbon Monitoring Flux Pilot Project,,2015,10.1002/2014JD022411,52,S2 core-author crawl (Bowman/Liu/Byrne/+co-authors)
recommend,strong CMS-Flux flux/inversion signal,Prior biosphere model impact on global terrestrial CO2 fluxes estimated from OCO-2 retrievals,Atmospheric Chemistry and Physics,2019,10.5194/ACP-19-13267-2019,51,S2 core-author crawl (Bowman/Liu/Byrne/+co-authors)
recommend,strong CMS-Flux flux/inversion signal,Improved Constraints on Northern Extratropical CO2 Fluxes Obtained by Combining Surface‐Based and Space‐Based Atmospheric CO2 Measurements,Journal of Geophysical Research - Atmospheres,2019,10.1029/2019JD032029,48,S2 core-author crawl (Bowman/Liu/Byrne/+co-authors)
recommend,strong CMS-Flux flux/inversion signal,A Bayesian framework for deriving sector-based methane emissions from top-down fluxes,Communications Earth & Environment,2021,10.1038/s43247-021-00312-6,42,S2 core-author crawl (Bowman/Liu/Byrne/+co-authors)
recommend,strong CMS-Flux flux/inversion signal,High-resolution inversion of methane emissions in the Southeast US using SEAC 4 RS aircraft observations of atmospheric methane: anthropogenic and wetland sources,,2017,10.5194/ACP-18-6483-2018,41,S2 core-author crawl (Bowman/Liu/Byrne/+co-authors)
recommend,strong CMS-Flux flux/inversion signal,Towards constraints on fossil fuel emissions from total column carbon dioxide,,2012,10.5194/ACP-13-4349-2013,38,S2 core-author crawl (Bowman/Liu/Byrne/+co-authors)
recommend,strong CMS-Flux flux/inversion signal,Carbon Flux Variability From a Relatively Simple Ecosystem Model With Assimilated Data Is Consistent With Terrestrial Biosphere Model Estimates,Journal of Advances in Modeling Earth Systems,2020,10.1029/2019MS001889,37,S2 core-author crawl (Bowman/Liu/Byrne/+co-authors)
recommend,strong CMS-Flux flux/inversion signal,Detecting drought impact on terrestrial biosphere carbon fluxes over contiguous US with satellite observations,Environmental Research Letters,2018,10.1088/1748-9326/aad5ef,35,S2 core-author crawl (Bowman/Liu/Byrne/+co-authors)
recommend,strong CMS-Flux flux/inversion signal,Source‐receptor relationships of column‐average CO2 and implications for the impact of observations on flux inversions,,2015,10.1002/2014JD022914,34,S2 core-author crawl (Bowman/Liu/Byrne/+co-authors)
recommend,strong CMS-Flux flux/inversion signal,Ground-Based Mobile Measurements to Track Urban Methane Emissions from Natural Gas in 12 Cities across Eight Countries,Environmental Science and Technology,2024,10.1021/acs.est.3c03160,34,S2 core-author crawl (Bowman/Liu/Byrne/+co-authors)
recommend,strong CMS-Flux flux/inversion signal,Seasonal variability of stratospheric methane: implications for constraining tropospheric methane budgets using total column observations,,2016,10.5194/ACP-16-14003-2016,30,S2 core-author crawl (Bowman/Liu/Byrne/+co-authors)
recommend,strong CMS-Flux flux/inversion signal,Comparison between the Local Ensemble Transform Kalman Filter (LETKF) and 4D‐Var in atmospheric CO2 flux inversion with the Goddard Earth Observing System‐Chem model and the observation impact diagnostics from the LETKF,,2016,10.1002/2016JD025100,28,S2 core-author crawl (Bowman/Liu/Byrne/+co-authors)
recommend,strong CMS-Flux flux/inversion signal,Emergent constraints on tropical atmospheric aridity—carbon feedbacks and the future of carbon sequestration,Environmental Research Letters,2021,10.1088/1748-9326/ac2ce8,25,S2 core-author crawl (Bowman/Liu/Byrne/+co-authors)
recommend,strong CMS-Flux flux/inversion signal,Characterization of OCO-2 and ACOS-GOSAT biases and errors for CO2 flux estimates,,2019,10.5194/amt-2019-257,24,S2 core-author crawl (Bowman/Liu/Byrne/+co-authors)
recommend,strong CMS-Flux flux/inversion signal,Towards sector-based attribution using intra-city variations in satellite-based emission ratios between CO2 and CO,Atmospheric Chemistry and Physics,2022,10.5194/acp-2021-1029,23,S2 core-author crawl (Bowman/Liu/Byrne/+co-authors)
recommend,strong CMS-Flux flux/inversion signal,"Prior biosphere model impact on global terrestrial CO2 fluxes estimated 
from OCO-2 retrievals",,2019,10.5194/acp-2018-1095,23,S2 core-author crawl (Bowman/Liu/Byrne/+co-authors)
recommend,strong CMS-Flux flux/inversion signal,Linking global terrestrial CO2 fluxes and environmental drivers: inferences from the Orbiting Carbon Observatory 2 satellite and terrestrial biospheric models,,2021,10.5194/ACP-21-6663-2021,21,S2 core-author crawl (Bowman/Liu/Byrne/+co-authors)
recommend,strong CMS-Flux flux/inversion signal,Characterizing model errors in chemical transport modeling of methane: using GOSAT XCH4 data with weak-constraint four-dimensional variational data assimilation,Atmospheric Chemistry and Physics,2021,10.5194/ACP-21-9545-2021,21,S2 core-author crawl (Bowman/Liu/Byrne/+co-authors)
recommend,strong CMS-Flux flux/inversion signal,China's Terrestrial Carbon Sink Over 2010–2015 Constrained by Satellite Observations of Atmospheric CO2 and Land Surface Variables,Journal of Geophysical Research - Biogeosciences,2022,10.1029/2021JG006644,20,S2 core-author crawl (Bowman/Liu/Byrne/+co-authors)
recommend,strong CMS-Flux flux/inversion signal,Optimizing the Isoprene Emission Model MEGAN With Satellite and Ground‐Based Observational Constraints,Journal of Geophysical Research - Atmospheres,2023,10.1029/2022JD037822,19,S2 core-author crawl (Bowman/Liu/Byrne/+co-authors)
recommend,strong CMS-Flux flux/inversion signal,The Facility Level and Area Methane Emissions inventory for the Greater Toronto Area (FLAME-GTA),,2021,10.1016/J.ATMOSENV.2021.118319,19,S2 core-author crawl (Bowman/Liu/Byrne/+co-authors)
recommend,strong CMS-Flux flux/inversion signal,Attributing Past Carbon Fluxes to CO2 and Climate Change: Respiration Response to CO2 Fertilization Shifts Regional Distribution of the Carbon Sink,Global Biogeochemical Cycles,2023,10.1029/2022GB007478,18,S2 core-author crawl (Bowman/Liu/Byrne/+co-authors)
recommend,strong CMS-Flux flux/inversion signal,Technical note: 3-hourly temporal downscaling of monthly global terrestrialbiosphere model net ecosystem exchange,,2016,10.5194/BG-13-4271-2016,16,S2 core-author crawl (Bowman/Liu/Byrne/+co-authors)
recommend,strong CMS-Flux flux/inversion signal,Atmospheric Simulations of Total Column CO2 Mole Fractions from Global to Mesoscale within the Carbon Monitoring System Flux Inversion Framework,,2020,10.3390/atmos11080787,14,S2 core-author crawl (Bowman/Liu/Byrne/+co-authors)
recommend,strong CMS-Flux flux/inversion signal,A method for independent validation of surface fluxes from atmospheric inversion: Application to CO2,,2016,10.1002/2016GL067828,11,S2 core-author crawl (Bowman/Liu/Byrne/+co-authors)
recommend,strong CMS-Flux flux/inversion signal,Remotely Sensed Carbonyl Sulfide Constrains Model Estimates of Amazon Primary Productivity,Geophysical Research Letters,2022,10.1029/2021GL096802,9,S2 core-author crawl (Bowman/Liu/Byrne/+co-authors)
recommend,strong CMS-Flux flux/inversion signal,Evaluating Global Atmospheric Inversions of Terrestrial Net Ecosystem Exchange CO2 Over North America on Seasonal and Sub‐Continental Scales,Geophysical Research Letters,2022,10.1029/2022GL100147,9,S2 core-author crawl (Bowman/Liu/Byrne/+co-authors)
recommend,strong CMS-Flux flux/inversion signal,Estimating methane emissions from the waste sector in Southern Ontario using atmospheric measurements,Journal of the Air and Waste Management Association,2024,10.1080/10962247.2024.2435340,9,S2 core-author crawl (Bowman/Liu/Byrne/+co-authors)
recommend,strong CMS-Flux flux/inversion signal,CHEEREIO 1.0: a versatile and user-friendly ensemble-based chemical data assimilation and emissions inversion platform for the GEOS-Chem chemical transport model,Geoscientific Model Development,2023,10.5194/gmd-16-4793-2023,8,S2 core-author crawl (Bowman/Liu/Byrne/+co-authors)
recommend,strong CMS-Flux flux/inversion signal,Quantification of regional net CO2 flux errors in the Orbiting Carbon Observatory-2 (OCO-2) v10 model intercomparison project (MIP) ensemble using airborne measurements,Atmospheric Chemistry and Physics,2025,10.5194/acp-25-1725-2025,7,S2 core-author crawl (Bowman/Liu/Byrne/+co-authors)
recommend,strong CMS-Flux flux/inversion signal,Characterizing model errors in chemical transport modelling of methane: Using GOSAT XCH4 data with weak constraint four-dimensional variational data assimilation,,2019,10.5194/acp-2019-786,6,S2 core-author crawl (Bowman/Liu/Byrne/+co-authors)
recommend,strong CMS-Flux flux/inversion signal,"Southern California Megacity CO2, CH4, and CO flux estimates
using remote sensing and a Lagrangian model",,2018,10.5194/ACP-2018-517,5,S2 core-author crawl (Bowman/Liu/Byrne/+co-authors)
recommend,strong CMS-Flux flux/inversion signal,Satellite‐Constrained Reanalysis Reveals CO2 Versus Climate Process Compensation Across the Global Land Carbon Sink,AGU Advances,2025,10.1029/2025AV001689,5,S2 core-author crawl (Bowman/Liu/Byrne/+co-authors)
recommend,strong CMS-Flux flux/inversion signal,Enhanced Carbon Flux Response to Atmospheric Aridity and Water Storage Deficit During the 2015–2016 El Niño Compromised Carbon Balance Recovery in Tropical South America,AGU Advances,2024,10.1029/2024AV001187,5,S2 core-author crawl (Bowman/Liu/Byrne/+co-authors)
review,topical but needs manual check,"Oceanic sources, sinks, and transport of atmospheric CO2",,2009,10.1029/2008GB003349,564,S2 core-author crawl (Bowman/Liu/Byrne/+co-authors)
review,topical but needs manual check,"Inverse estimates of anthropogenic CO2 uptake, transport, and storage by the ocean",,2006,10.1029/2005GB002530,413,S2 core-author crawl (Bowman/Liu/Byrne/+co-authors)
review,topical but needs manual check,Toward accurate CO2 and CH4 observations from GOSAT,,2011,10.1029/2011GL047888,385,S2 core-author crawl (Bowman/Liu/Byrne/+co-authors)
review,topical but needs manual check,Importance of secondary sources in the atmospheric budgets of formic and acetic acids,Atmospheric Chemistry and Physics,2010,10.5194/acp-11-1989-2011,332,S2 core-author crawl (Bowman/Liu/Byrne/+co-authors)
review,topical but needs manual check,Daily and 3‐hourly variability in global fire emissions and consequences for atmospheric model predictions of carbon monoxide,,2011,10.1029/2011JD016245,297,S2 core-author crawl (Bowman/Liu/Byrne/+co-authors)
review,topical but needs manual check,Improved retrievals of carbon dioxide from Orbiting Carbon Observatory-2 with the version 8 ACOS algorithm,Atmospheric Measurement Techniques,2018,10.5194/AMT-11-6539-2018,281,S2 core-author crawl (Bowman/Liu/Byrne/+co-authors)
review,topical but needs manual check,The Orbiting Carbon Observatory-2: first 18 months of science data products,,2016,10.5194/AMT-10-549-2017,267,S2 core-author crawl (Bowman/Liu/Byrne/+co-authors)
review,topical but needs manual check,The Orbiting Carbon Observatory-2 early science investigations of regional carbon dioxide fluxes,Science,2017,10.1126/science.aam5745,256,S2 core-author crawl (Bowman/Liu/Byrne/+co-authors)
review,topical but needs manual check,Appendices to: Emissions of greenhouse gases from a North American megacity,,2009,,256,S2 core-author crawl (Bowman/Liu/Byrne/+co-authors)
review,topical but needs manual check,Toward accurate CO_2 and CH_4 observations from GOSAT,,2011,,214,S2 core-author crawl (Bowman/Liu/Byrne/+co-authors)
review,topical but needs manual check,Inverse estimates of the oceanic sources and sinks of natural CO2 and the implied oceanic carbon transport,,2007,10.1029/2006GB002751,186,S2 core-author crawl (Bowman/Liu/Byrne/+co-authors)
review,topical but needs manual check,“Variable localization” in an ensemble Kalman filter: Application to the carbon cycle data assimilation,,2011,10.1029/2010JD014673,148,S2 core-author crawl (Bowman/Liu/Byrne/+co-authors)
review,topical but needs manual check,A decade of GOSAT Proxy satellite CH4 observations,Earth System Science Data,2020,10.5194/essd-2020-114,142,S2 core-author crawl (Bowman/Liu/Byrne/+co-authors)
review,topical but needs manual check,Inferring regional sources and sinks of atmospheric CO 2 from GOSAT XCO 2 data,,2013,10.5194/ACP-14-3703-2014,142,S2 core-author crawl (Bowman/Liu/Byrne/+co-authors)
review,topical but needs manual check,"Improved Retrievals of Carbon Dioxide from the Orbiting Carbon
Observatory-2 with the version 8 ACOS algorithm",,2018,10.5194/amt-2018-257,136,S2 core-author crawl (Bowman/Liu/Byrne/+co-authors)
review,topical but needs manual check,Variability and quasi-decadal changes in the methane budget over the period 2000–2012,Atmospheric Chemistry and Physics,2017,10.5194/ACP-17-11135-2017,122,S2 core-author crawl (Bowman/Liu/Byrne/+co-authors)
review,topical but needs manual check,The imprint of surface fluxes and transport on variations in total column carbon dioxide,,2011,10.5194/BG-9-875-2012,119,S2 core-author crawl (Bowman/Liu/Byrne/+co-authors)
review,topical but needs manual check,Four years of global carbon cycle observed from the Orbiting Carbon Observatory 2 (OCO-2) version 9 and in situ data and comparison to OCO-2 version 7,Atmospheric Chemistry and Physics,2022,10.5194/acp-22-1097-2022,110,S2 core-author crawl (Bowman/Liu/Byrne/+co-authors)
review,topical but needs manual check,Interpreting seasonal changes in the carbon balance of southern Amazonia using measurements of XCO2 and chlorophyll fluorescence from GOSAT,,2013,10.1002/GRL.50452,105,S2 core-author crawl (Bowman/Liu/Byrne/+co-authors)
review,topical but needs manual check,Societal shifts due to COVID-19 reveal large-scale complexities and feedbacks between atmospheric chemistry and climate change,Proceedings of the National Academy of Sciences of the United States of America,2021,10.1073/pnas.2109481118,103,S2 core-author crawl (Bowman/Liu/Byrne/+co-authors)
review,topical but needs manual check,Forecasting global atmospheric CO 2,,2014,10.5194/ACP-14-11959-2014,100,S2 core-author crawl (Bowman/Liu/Byrne/+co-authors)
review,topical but needs manual check,Effects of atmospheric light scattering on spectroscopic observations of greenhouse gases from space: Validation of PPDF-based CO_2 retrievals from GOSAT,,2012,10.1029/2012JD017505/ABSTRACT,97,S2 core-author crawl (Bowman/Liu/Byrne/+co-authors)
review,topical but needs manual check,Atmospheric validation of high accuracy CO2 absorption coefficients for the OCO-2 mission,,2012,10.1016/J.JQSRT.2012.05.021,92,S2 core-author crawl (Bowman/Liu/Byrne/+co-authors)
review,topical but needs manual check,Carbon isotope evidence for the latitudinal distribution and wind speed dependence of the air–sea gas transfer velocity,,2006,10.1111/j.1600-0889.2006.00223.x,90,S2 core-author crawl (Bowman/Liu/Byrne/+co-authors)
review,topical but needs manual check,Modelling CO2 weather – why horizontal resolution matters,Atmospheric Chemistry and Physics,2019,10.5194/ACP-19-7347-2019,84,S2 core-author crawl (Bowman/Liu/Byrne/+co-authors)
review,topical but needs manual check,Observing carbon cycle–climate feedbacks from space,Proceedings of the National Academy of Sciences of the United States of America,2018,10.1073/pnas.1716613115,78,S2 core-author crawl (Bowman/Liu/Byrne/+co-authors)
review,topical but needs manual check,Modeling transport and fate of riverine dissolved organic carbon in the Arctic Ocean,,2009,10.1029/2008GB003396,78,S2 core-author crawl (Bowman/Liu/Byrne/+co-authors)
review,topical but needs manual check,Quantifying the loss of processed natural gas within California's South Coast Air Basin using long-term measurements of ethane and methane,,2016,10.5194/ACP-16-14091-2016,76,S2 core-author crawl (Bowman/Liu/Byrne/+co-authors)
review,topical but needs manual check,Water vapor isotopologue retrievals from high-resolution GOSAT shortwave infrared spectra,,2012,10.5194/AMT-6-263-2013,67,S2 core-author crawl (Bowman/Liu/Byrne/+co-authors)
review,topical but needs manual check,"The Carbon Cycle of Southeast Australia During 2019–2020: Drought, Fires, and Subsequent Recovery",AGU Advances,2021,10.1029/2021AV000469,66,S2 core-author crawl (Bowman/Liu/Byrne/+co-authors)
review,topical but needs manual check,Spring photosynthetic onset and net CO2 uptake in Alaska triggered by landscape thawing,Global Change Biology,2018,10.1111/gcb.14283,64,S2 core-author crawl (Bowman/Liu/Byrne/+co-authors)
review,topical but needs manual check,Global and Brazilian Carbon Response to El Niño Modoki 2011–2010,,2017,10.1002/2016EA000204,59,S2 core-author crawl (Bowman/Liu/Byrne/+co-authors)
review,topical but needs manual check,Recovery of Ecosystem Carbon and Energy Fluxes From the 2003 Drought in Europe and the 2012 Drought in the United States,Geophysical Research Letters,2018,10.1029/2018GL077518,59,S2 core-author crawl (Bowman/Liu/Byrne/+co-authors)
review,topical but needs manual check,Predictability of fossil fuel CO2 from air quality emissions,Nature Communications,2023,10.1038/s41467-023-37264-8,56,S2 core-author crawl (Bowman/Liu/Byrne/+co-authors)
review,topical but needs manual check,Investigation of the Spatial Distribution of Methane Sources in the Greater Toronto Area Using Mobile Gas Monitoring Systems.,Environmental Science and Technology,2020,10.1021/acs.est.0c05386,55,S2 core-author crawl (Bowman/Liu/Byrne/+co-authors)
review,topical but needs manual check,Toward “optimal” integration of terrestrial biosphere models,,2015,10.1002/2015GL064002,54,S2 core-author crawl (Bowman/Liu/Byrne/+co-authors)
review,topical but needs manual check,The Orbiting Carbon Observatory (OCO-2) tracks 2–3 peta-gram increase in carbon release to the atmosphere during the 2014–2016 El Niño,Scientific Reports,2017,10.1038/s41598-017-13459-0,54,S2 core-author crawl (Bowman/Liu/Byrne/+co-authors)
review,topical but needs manual check,Cropland Carbon Uptake Delayed and Reduced by 2019 Midwest Floods,AGU Advances,2020,10.1029/2019AV000140,51,S2 core-author crawl (Bowman/Liu/Byrne/+co-authors)
review,topical but needs manual check,"El Niño, the 2006 Indonesian peat fires, and the distribution of atmospheric methane",,2013,10.1002/grl.50937,49,S2 core-author crawl (Bowman/Liu/Byrne/+co-authors)
review,topical but needs manual check,Fire decline in dry tropical ecosystems enhances decadal land carbon sink,Nature Communications,2020,10.1038/s41467-020-15852-2,46,S2 core-author crawl (Bowman/Liu/Byrne/+co-authors)
review,topical but needs manual check,On the role of atmospheric model transport uncertainty in estimating the Chinese land carbon sink,Nature,2022,10.1038/s41586-021-04258-9,46,S2 core-author crawl (Bowman/Liu/Byrne/+co-authors)
review,topical but needs manual check,A model of the Arctic Ocean carbon cycle,,2011,10.1029/2011JC006998,46,S2 core-author crawl (Bowman/Liu/Byrne/+co-authors)
review,topical but needs manual check,Simulating estimation of California fossil fuel and biosphere carbon dioxide exchanges combining in situ tower and satellite column observations,,2017,10.1002/2016JD025617,44,S2 core-author crawl (Bowman/Liu/Byrne/+co-authors)
review,topical but needs manual check,Characterizing model errors in chemical transport modeling of methane: impact of model resolution in versions v9-02 of GEOS-Chem and v35j of its adjoint model,Geoscientific Model Development,2019,10.5194/gmd-2019-248,44,S2 core-author crawl (Bowman/Liu/Byrne/+co-authors)
review,topical but needs manual check,CO2 transport uncertainties from the uncertainties in meteorological fields,,2011,10.1029/2011GL047213,43,S2 core-author crawl (Bowman/Liu/Byrne/+co-authors)
review,topical but needs manual check,Amplification of the Ocean Carbon Sink During El Niños: Role of Poleward Ekman Transport and Influence on Atmospheric CO2,Global Biogeochemical Cycles,2020,10.1029/2020GB006574,42,S2 core-author crawl (Bowman/Liu/Byrne/+co-authors)
review,topical but needs manual check,Modeling the Recent Changes in the Arctic Ocean CO2 Sink (2006–2013),Global Biogeochemical Cycles,2019,10.1029/2018GB006070,41,S2 core-author crawl (Bowman/Liu/Byrne/+co-authors)
review,topical but needs manual check,"Seasonal Characteristics of Model Uncertainties From Biogenic Fluxes, Transport, and Large‐Scale Boundary Inflow in Atmospheric CO2 Simulations Over North America",Journal of Geophysical Research - Atmospheres,2019,10.1029/2019JD031165,40,S2 core-author crawl (Bowman/Liu/Byrne/+co-authors)
review,topical but needs manual check,Simultaneous assimilation of AIRS Xco2 and meteorological observations in a carbon climate model with an ensemble Kalman filter,,2012,10.1029/2011JD016642,40,S2 core-author crawl (Bowman/Liu/Byrne/+co-authors)
review,topical but needs manual check,Wildfires offset the increasing but spatially heterogeneous Arctic–boreal CO2 uptake,Nature Climate Change,2025,10.1038/s41558-024-02234-5,39,S2 core-author crawl (Bowman/Liu/Byrne/+co-authors)
review,topical but needs manual check,Semi-autonomous sounding selection for OCO-2,,2013,10.5194/AMT-6-2851-2013,38,S2 core-author crawl (Bowman/Liu/Byrne/+co-authors)
review,topical but needs manual check,Inverse modelling of Chinese NOx emissions using deep learning: integrating in situ observations with a satellite-based chemical reanalysis,Atmospheric Chemistry and Physics,2022,10.5194/acp-22-14059-2022,32,S2 core-author crawl (Bowman/Liu/Byrne/+co-authors)
review,topical but needs manual check,Satellite Observations of the Tropical Terrestrial Carbon Balance and Interactions With the Water Cycle During the 21st Century,Reviews of Geophysics,2021,10.1029/2020RG000711,31,S2 core-author crawl (Bowman/Liu/Byrne/+co-authors)
review,topical but needs manual check,First Top‐Down Estimates of Anthropogenic NOx Emissions Using High‐Resolution Airborne Remote Sensing Observations,,2018,10.1002/2017JD028009,31,S2 core-author crawl (Bowman/Liu/Byrne/+co-authors)
review,topical but needs manual check,"Technical Note: Latitude-time variations of atmospheric column-average dry air mole fractions of CO 2 , CH 4 and N 2 O",,2012,10.5194/ACP-12-7767-2012,29,S2 core-author crawl (Bowman/Liu/Byrne/+co-authors)
review,topical but needs manual check,Evaluation of the Potential Use of Satellite-Derived XCO2 in Detecting CO2 Enhancement in Megacities with Limited Ground Observations: A Case Study in Seoul Using Orbiting Carbon Observatory-2,Asia-Pacific Journal of Atmospheric Sciences,2020,10.1007/s13143-020-00202-5,27,S2 core-author crawl (Bowman/Liu/Byrne/+co-authors)
review,topical but needs manual check,Biases in atmospheric CO 2 estimates from correlated meteorology modeling errors,,2015,10.5194/ACP-15-2903-2015,27,S2 core-author crawl (Bowman/Liu/Byrne/+co-authors)
review,topical but needs manual check,"Genetic relationship between hydrocarbon system evolution and Carlin-type gold mineralization: Insights from ReOs pyrobitumen and pyrite geochronology in the Nanpanjiang Basin, South China",,2021,10.1016/j.chemgeo.2020.119953,26,S2 core-author crawl (Bowman/Liu/Byrne/+co-authors)
review,topical but needs manual check,"Estimating enhancement ratios of nitrogen dioxide, carbon monoxide and carbon dioxide using satellite observations",Atmospheric Chemistry and Physics,2023,10.5194/acp-23-3493-2023,26,S2 core-author crawl (Bowman/Liu/Byrne/+co-authors)
review,topical but needs manual check,Validation of Carbon Trace Gas Profile Retrievals from the NOAA-Unique Combined Atmospheric Processing System for the Cross-Track Infrared Sounder,Remote Sensing,2020,10.3390/rs12193245,25,S2 core-author crawl (Bowman/Liu/Byrne/+co-authors)
review,topical but needs manual check,Investigating the sensitivity of soil heterotrophic respiration to recent snow cover changes in Alaska using a satellite-based permafrost carbon model,,2020,10.5194/bg-17-5861-2020,23,S2 core-author crawl (Bowman/Liu/Byrne/+co-authors)
review,topical but needs manual check,"Journal of Geophysical Research: Atmospheres Emissions and topographic effects on column CO2 (XCO2) variations, with a focus on the Southern California Megacity",,2017,,21,S2 core-author crawl (Bowman/Liu/Byrne/+co-authors)
review,topical but needs manual check,Evaluation and Analysis of the Seasonal Cycle and Variability of the Trend from GOSAT Methane Retrievals,Remote Sensing,2019,10.3390/RS11070882,20,S2 core-author crawl (Bowman/Liu/Byrne/+co-authors)
review,topical but needs manual check,The Atmospheric Imaging Mission for Northern Regions: AIM-North,Canadian journal of remote sensing,2019,10.1080/07038992.2019.1643707,20,S2 core-author crawl (Bowman/Liu/Byrne/+co-authors)
review,topical but needs manual check,Do State‐Of‐The‐Art Atmospheric CO2 Inverse Models Capture Drought Impacts on the European Land Carbon Uptake?,Journal of Advances in Modeling Earth Systems,2023,10.1029/2022MS003150,19,S2 core-author crawl (Bowman/Liu/Byrne/+co-authors)
review,topical but needs manual check,"Four years of global carbon cycle observed from OCO-2 version 9 and in situ data, and comparison to OCO-2 v7",,2021,10.5194/acp-2021-373,18,S2 core-author crawl (Bowman/Liu/Byrne/+co-authors)
review,topical but needs manual check,A Geostatistical Framework for Quantifying the Imprint of Mesoscale Atmospheric Transport on Satellite Trace Gas Retrievals,Journal of Geophysical Research - Atmospheres,2019,10.1029/2018JD029933,18,S2 core-author crawl (Bowman/Liu/Byrne/+co-authors)
review,topical but needs manual check,Five years of variability in the global carbon cycle: comparing an estimate from the Orbiting Carbon Observatory-2 and process-based models,Environmental Research Letters,2021,10.1088/1748-9326/abfac1,16,S2 core-author crawl (Bowman/Liu/Byrne/+co-authors)
review,topical but needs manual check,Verifying Methane Inventories and Trends With Atmospheric Methane Data,AGU Advances,2023,10.1029/2023AV000871,16,S2 core-author crawl (Bowman/Liu/Byrne/+co-authors)
review,topical but needs manual check,Retrieval of atmospheric CO2 vertical profiles from ground-based near-infrared spectra,,2021,10.5194/AMT-14-3087-2021,16,S2 core-author crawl (Bowman/Liu/Byrne/+co-authors)
review,topical but needs manual check,Using high-resolution laboratory and ground-based solar spectra to assess CH4 absorption coefficient calculations,,2017,10.1016/J.JQSRT.2016.12.013,16,S2 core-author crawl (Bowman/Liu/Byrne/+co-authors)
review,topical but needs manual check,Quality Evaluation of the Column-Averaged Dry Air Mole Fractions of Carbon Dioxide and Methane Observed by GOSAT and GOSAT-2,Sola,2023,10.2151/sola.2023-023,15,S2 core-author crawl (Bowman/Liu/Byrne/+co-authors)
review,topical but needs manual check,Assessing the feasibility of using a neural network to filter Orbiting Carbon Observatory 2 (OCO-2) retrievals at northern high latitudes,,2021,,15,S2 core-author crawl (Bowman/Liu/Byrne/+co-authors)
review,topical but needs manual check,Improving atmospheric CO 2 retrievals using line mixing and speed-dependence when fitting high-resolution ground-based solar spectra,,2016,10.1016/J.JMS.2016.01.007,15,S2 core-author crawl (Bowman/Liu/Byrne/+co-authors)
review,topical but needs manual check,Future Weakening of the ENSO Ocean Carbon Buffer Under Anthropogenic Forcing,Geophysical Research Letters,2021,10.1029/2021GL094021,14,S2 core-author crawl (Bowman/Liu/Byrne/+co-authors)
review,topical but needs manual check,The impact of spectral resolution on satellite retrieval accuracy of CO2 and CH4,,2013,10.5194/AMT-7-1105-2014,14,S2 core-author crawl (Bowman/Liu/Byrne/+co-authors)
review,topical but needs manual check,"Supplementary material to ""Spatial distributions of XCO2 seasonal cycle amplitude and phase over northern high latitude regions""",,,10.5194/acp-2021-185-supplement,13,S2 core-author crawl (Bowman/Liu/Byrne/+co-authors)
review,topical but needs manual check,Neutral Tropical African CO2 Exchange Estimated From Aircraft and Satellite Observations,Global Biogeochemical Cycles,2023,10.1029/2023GB007804,12,S2 core-author crawl (Bowman/Liu/Byrne/+co-authors)
review,topical but needs manual check,"Covariation of Airborne Biogenic Tracers (CO2, COS, and CO) Supports Stronger Than Expected Growing Season Photosynthetic Uptake in the Southeastern US",Global Biogeochemical Cycles,2020,10.1029/2021GB006956,12,S2 core-author crawl (Bowman/Liu/Byrne/+co-authors)
review,topical but needs manual check,Observing carbon monoxide and volatile organic compounds from Canadian wildfires in 2023 from FengYun-3E/HIRAS-II in a dawn-dusk sun-synchronous orbit,Remote Sensing of Environment,2025,10.1016/j.rse.2025.114829,11,S2 core-author crawl (Bowman/Liu/Byrne/+co-authors)
review,topical but needs manual check,Characteristics of interannual variability in space-based XCO2 global observations,Atmospheric Chemistry and Physics,2023,10.5194/acp-23-5355-2023,11,S2 core-author crawl (Bowman/Liu/Byrne/+co-authors)
review,topical but needs manual check,Lagged effects dominate the inter-annual variability of the 2010–2015 tropical carbon balance,,2020,10.5194/bg-2019-459,10,S2 core-author crawl (Bowman/Liu/Byrne/+co-authors)
review,topical but needs manual check,Multi‐Season Evaluation of CO2 Weather in OCO‐2 MIP Models,Journal of Geophysical Research - Atmospheres,2021,10.1029/2021JD035457,10,S2 core-author crawl (Bowman/Liu/Byrne/+co-authors)
review,topical but needs manual check,Enhanced regional terrestrial carbon uptake over Korea revealed by atmospheric CO2 measurements from 1999 to 2017,Global Change Biology,2020,10.1111/gcb.15061,9,S2 core-author crawl (Bowman/Liu/Byrne/+co-authors)
review,topical but needs manual check,Response to Comment on “Contrasting carbon cycle responses of the tropical continents to the 2015–2016 El Niño”,Science,2018,10.1126/science.aat1211,9,S2 core-author crawl (Bowman/Liu/Byrne/+co-authors)
review,topical but needs manual check,Quantifying Northern High Latitude Gross Primary Productivity (GPP) Using Carbonyl Sulfide (OCS),Global Biogeochemical Cycles,2022,10.1029/2021GB007216,8,S2 core-author crawl (Bowman/Liu/Byrne/+co-authors)
review,topical but needs manual check,Remote‐Sensing Derived Trends in Gross Primary Production Explain Increases in the CO2 Seasonal Cycle Amplitude,Global Biogeochemical Cycles,2022,10.1029/2021GB007220,8,S2 core-author crawl (Bowman/Liu/Byrne/+co-authors)
review,topical but needs manual check,Characterizing and communicating uncertainty: lessons from NASA’s Carbon Monitoring System,Environmental Research Letters,2024,10.1088/1748-9326/ad8be0,8,S2 core-author crawl (Bowman/Liu/Byrne/+co-authors)
review,topical but needs manual check,The concentration profile of nitric acid and other species over Saskatchewan in August 1998: Retrieval from data recorded by thermal‐emission radiometry,,2005,10.3137/ao.430407,8,S2 core-author crawl (Bowman/Liu/Byrne/+co-authors)
review,topical but needs manual check,Toward Low‐Latency Estimation of Atmospheric CO2 Growth Rates Using Satellite Observations: Evaluating Sampling Errors of Satellite and In Situ Observing Approaches,AGU Advances,2024,10.1029/2023AV001145,7,S2 core-author crawl (Bowman/Liu/Byrne/+co-authors)
review,topical but needs manual check,Satellite-detected large CO2 release in southwestern North America during the 2020–2021 drought and associated wildfires,Environmental Research Letters,2024,10.1088/1748-9326/ad3cf7,7,S2 core-author crawl (Bowman/Liu/Byrne/+co-authors)
review,topical but needs manual check,Validation of GOSAT SWIR XCO2 and XCH4 Retrieved by PPDF-S Method and Comparison with Full Physics Method,,2017,10.2151/SOLA.2017-031,7,S2 core-author crawl (Bowman/Liu/Byrne/+co-authors)
review,topical but needs manual check,Anomalous Net Biome Exchange Over Amazonian Rainforests Induced by the 2015/16 El Niño: Soil Dryness‐Shaped Spatial Pattern but Temperature‐dominated Total Flux,Geophysical Research Letters,2023,10.1029/2023GL103379,6,S2 core-author crawl (Bowman/Liu/Byrne/+co-authors)
review,topical but needs manual check,Canadian net forest CO2 uptake enhanced by heat drought via reduced respiration,Nature Geoscience,2026,10.1038/s41561-025-01875-1,6,S2 core-author crawl (Bowman/Liu/Byrne/+co-authors)
review,topical but needs manual check,"Two decades of permafrost region CO2, CH4, and N2O budgets suggest a small net greenhouse gas source to the atmosphere",,2023,,6,S2 core-author crawl (Bowman/Liu/Byrne/+co-authors)
review,topical but needs manual check,Bias Correction of the Ratio of Total Column CH4 to CO2 Retrieved from GOSAT Spectra,Remote Sensing,2020,10.3390/RS12193155,6,S2 core-author crawl (Bowman/Liu/Byrne/+co-authors)
review,topical but needs manual check,"Retrieval of atmospheric CO2 vertical profiles from ground-based
near-infrared spectra",,2020,10.5194/amt-2020-429,6,S2 core-author crawl (Bowman/Liu/Byrne/+co-authors)
review,topical but needs manual check,Statistical properties of atmospheric greenhouse gas measurements: Looking down from space and looking up from the ground,,2017,10.1016/J.CHEMOLAB.2016.11.014,6,S2 core-author crawl (Bowman/Liu/Byrne/+co-authors)
review,topical but needs manual check,Reduction in Earth’s carbon budget imbalance,Nature Communications,2025,10.1038/s41467-025-61588-2,5,S2 core-author crawl (Bowman/Liu/Byrne/+co-authors)
exclude,"community/instrument/adjacent-group paper (co-authored, not CMS-Flux output)",The Global Methane Budget 2000–2017,Earth System Science Data,2019,10.5194/essd-2019-128,2860,S2 core-author crawl (Bowman/Liu/Byrne/+co-authors)
exclude,"community/instrument/adjacent-group paper (co-authored, not CMS-Flux output)",Global Carbon Budget 2023,Earth System Science Data,2023,10.5194/essd-15-5301-2023,1285,S2 core-author crawl (Bowman/Liu/Byrne/+co-authors)
exclude,"community/instrument/adjacent-group paper (co-authored, not CMS-Flux output)",The Total Carbon Column Observing Network,"Philosophical Transactions of the Royal Society A: Mathematical, Physical and Engineering Sciences",2011,10.1098/rsta.2010.0240,1219,S2 core-author crawl (Bowman/Liu/Byrne/+co-authors)
exclude,"community/instrument/adjacent-group paper (co-authored, not CMS-Flux output)",Global Carbon Budget 2024,Earth System Science Data,2025,10.5194/essd-17-965-2025,719,S2 core-author crawl (Bowman/Liu/Byrne/+co-authors)
exclude,"community/instrument/adjacent-group paper (co-authored, not CMS-Flux output)",Pre-industrial to end 21st century projections of tropospheric ozone from the Atmospheric Chemistry and Climate Model Intercomparison Project (ACCMIP),,2012,10.5194/ACP-13-2063-2013,668,S2 core-author crawl (Bowman/Liu/Byrne/+co-authors)
exclude,"community/instrument/adjacent-group paper (co-authored, not CMS-Flux output)",ECCO2: High Resolution Global Ocean and Sea Ice Data Synthesis,,2008,,497,S2 core-author crawl (Bowman/Liu/Byrne/+co-authors)
exclude,"community/instrument/adjacent-group paper (co-authored, not CMS-Flux output)",Atmospheric Measurement Techniques Calibration of the Total Carbon Column Observing Network using aircraft profile data,,2010,,461,S2 core-author crawl (Bowman/Liu/Byrne/+co-authors)
exclude,"community/instrument/adjacent-group paper (co-authored, not CMS-Flux output)",Global Carbon Budget 2022,Earth System Science Data,2022,10.5194/essd-14-4811-2022,440,S2 core-author crawl (Bowman/Liu/Byrne/+co-authors)
exclude,"community/instrument/adjacent-group paper (co-authored, not CMS-Flux output)",Comparisons of the Orbiting Carbon Observatory-2 (OCO-2) X CO 2 measurements with TCCON,,2016,10.5194/AMT-10-2209-2017,395,S2 core-author crawl (Bowman/Liu/Byrne/+co-authors)
exclude,"community/instrument/adjacent-group paper (co-authored, not CMS-Flux output)",Quantifying CO2 Emissions From Individual Power Plants From Space,,2017,10.1002/2017GL074702,288,S2 core-author crawl (Bowman/Liu/Byrne/+co-authors)
exclude,"community/instrument/adjacent-group paper (co-authored, not CMS-Flux output)",Methane retrieved from TROPOMI: improvement of the data product and validation of the first 2 years of measurements,,2021,10.5194/AMT-14-665-2021,272,S2 core-author crawl (Bowman/Liu/Byrne/+co-authors)
exclude,"community/instrument/adjacent-group paper (co-authored, not CMS-Flux output)",Methane observations from the Greenhouse Gases Observing SATellite: Comparison to ground‐based TCCON data and model calculations,,2011,10.1029/2011GL047871,253,S2 core-author crawl (Bowman/Liu/Byrne/+co-authors)
exclude,"community/instrument/adjacent-group paper (co-authored, not CMS-Flux output)",Preliminary validation of column-averaged volume mixing ratios of carbon dioxide and methane retrieved from GOSAT short-wavelength infrared spectra,,2010,10.5194/AMT-4-1061-2011,251,S2 core-author crawl (Bowman/Liu/Byrne/+co-authors)
exclude,"community/instrument/adjacent-group paper (co-authored, not CMS-Flux output)",Atmospheric and oceanic excitation of the Earth's wobbles during 1980–2000,,2003,10.1029/2002JB002143,194,S2 core-author crawl (Bowman/Liu/Byrne/+co-authors)
exclude,"community/instrument/adjacent-group paper (co-authored, not CMS-Flux output)",Atmospheric carbon dioxide retrieved from the Greenhouse gases Observing SATellite (GOSAT): Comparison with ground‐based TCCON observations and GEOS‐Chem model calculations,,2012,10.1029/2012JD018087,194,S2 core-author crawl (Bowman/Liu/Byrne/+co-authors)
exclude,"community/instrument/adjacent-group paper (co-authored, not CMS-Flux output)",Retrieval of atmospheric CO2 with enhanced accuracy and precision from SCIAMACHY: validation with FTS measurements and comparison with model results,,2011,10.1029/2010JD015047,186,S2 core-author crawl (Bowman/Liu/Byrne/+co-authors)
exclude,"community/instrument/adjacent-group paper (co-authored, not CMS-Flux output)",Building the COllaborative Carbon Column Observing Network (COCCON): long-term stability and ensemble performance of the EM27/SUN Fourier transform spectrometer,Atmospheric Measurement Techniques,2018,10.5194/AMT-12-1513-2019,175,S2 core-author crawl (Bowman/Liu/Byrne/+co-authors)
exclude,"community/instrument/adjacent-group paper (co-authored, not CMS-Flux output)",Four corners: The largest US methane anomaly viewed from space,,2014,10.1002/2014GL061503,165,S2 core-author crawl (Bowman/Liu/Byrne/+co-authors)
exclude,"community/instrument/adjacent-group paper (co-authored, not CMS-Flux output)",On the sources of methane to the Los Angeles atmosphere.,Environmental Science and Technology,2012,10.1021/es301138y,154,S2 core-author crawl (Bowman/Liu/Byrne/+co-authors)
exclude,"community/instrument/adjacent-group paper (co-authored, not CMS-Flux output)",The Orbiting Carbon Observatory (OCO-2): spectrometer performance evaluation using pre-launch direct sun measurements,,2014,10.5194/AMT-8-301-2015,153,S2 core-author crawl (Bowman/Liu/Byrne/+co-authors)
exclude,"community/instrument/adjacent-group paper (co-authored, not CMS-Flux output)","A multi-year methane inversion using SCIAMACHY, accounting for systematic errors using TCCON measurements",,2013,10.5194/ACP-14-3991-2014,147,S2 core-author crawl (Bowman/Liu/Byrne/+co-authors)
exclude,"community/instrument/adjacent-group paper (co-authored, not CMS-Flux output)",Calibration of TCCON column-averaged CO2: the first aircraft campaign over European TCCON sites,,2011,10.5194/ACP-11-10765-2011,147,S2 core-author crawl (Bowman/Liu/Byrne/+co-authors)
exclude,"community/instrument/adjacent-group paper (co-authored, not CMS-Flux output)",Global tropospheric ozone responses to reduced NOx emissions linked to the COVID-19 worldwide lockdowns,Science Advances,2020,10.1126/sciadv.abf7460,143,S2 core-author crawl (Bowman/Liu/Byrne/+co-authors)
exclude,"community/instrument/adjacent-group paper (co-authored, not CMS-Flux output)",Validation of Methane and Carbon Monoxide from Sentinel-5 Precursor using TCCON and NDACC-IRWG stations,Atmospheric Measurement Techniques,2021,10.5194/AMT-14-6249-2021,140,S2 core-author crawl (Bowman/Liu/Byrne/+co-authors)
exclude,"community/instrument/adjacent-group paper (co-authored, not CMS-Flux output)",A scientific algorithm to simultaneously retrieve carbon monoxide and methane from TROPOMI onboard Sentinel-5 Precursor,Atmospheric Measurement Techniques,2019,10.5194/AMT-12-6771-2019,135,S2 core-author crawl (Bowman/Liu/Byrne/+co-authors)
exclude,"community/instrument/adjacent-group paper (co-authored, not CMS-Flux output)",The Greenhouse Gas Climate Change Initiative (GHG-CCI): Comparison and quality assessment of near-surface-sensitive satellite-derived CO2 and CH4 global data sets,,2015,10.1016/J.RSE.2013.04.024,131,S2 core-author crawl (Bowman/Liu/Byrne/+co-authors)
exclude,"community/instrument/adjacent-group paper (co-authored, not CMS-Flux output)",The Total Carbon Column Observing Network's GGG2020 data version,Earth System Science Data,2024,10.5194/essd-16-2197-2024,124,S2 core-author crawl (Bowman/Liu/Byrne/+co-authors)
exclude,"community/instrument/adjacent-group paper (co-authored, not CMS-Flux output)",Evaluating the consistency between OCO-2 and OCO-3 XCO2 estimates derived from the NASA ACOS version 10 retrieval algorithm,Atmospheric Measurement Techniques,2023,10.5194/amt-16-3173-2023,115,S2 core-author crawl (Bowman/Liu/Byrne/+co-authors)
exclude,"community/instrument/adjacent-group paper (co-authored, not CMS-Flux output)",Atmospheric and oceanic excitation of length-of-day variations during 1980–2000,,2004,10.1029/2003JB002432,112,S2 core-author crawl (Bowman/Liu/Byrne/+co-authors)
exclude,"community/instrument/adjacent-group paper (co-authored, not CMS-Flux output)",The greenhouse gas climate change initiative (GHG-CCI): Comparative validation of GHG-CCI SCIAMACHY/ENVISAT and TANSO-FTS/GOSAT CO2 and CH4 retrieval algorithm products with measurements from the TCCON,,2013,10.5194/AMT-7-1723-2014,96,S2 core-author crawl (Bowman/Liu/Byrne/+co-authors)
exclude,"community/instrument/adjacent-group paper (co-authored, not CMS-Flux output)","Consistent evaluation of ACOS-GOSAT, BESD-SCIAMACHY, CarbonTracker, and MACC through comparisons to TCCON",,2015,10.5194/AMT-9-683-2016,95,S2 core-author crawl (Bowman/Liu/Byrne/+co-authors)
exclude,"community/instrument/adjacent-group paper (co-authored, not CMS-Flux output)",Atmospheric greenhouse gases retrieved from SCIAMACHY: comparison to ground-based FTS measurements and model results,,2011,10.5194/ACP-12-1527-2012,89,S2 core-author crawl (Bowman/Liu/Byrne/+co-authors)
exclude,"community/instrument/adjacent-group paper (co-authored, not CMS-Flux output)",Global CO2fluxes inferred from surface air‐sample measurements and from TCCON retrievals of the CO2 total column,,2011,10.1029/2011GL049899,86,S2 core-author crawl (Bowman/Liu/Byrne/+co-authors)
exclude,"community/instrument/adjacent-group paper (co-authored, not CMS-Flux output)",Total Column Carbon Observing Network (TCCON),,2009,10.1364/FTS.2009.JMA3,83,S2 core-author crawl (Bowman/Liu/Byrne/+co-authors)
exclude,"community/instrument/adjacent-group paper (co-authored, not CMS-Flux output)",Atmospheric and oceanic excitation of decadal‐scale Earth orientation variations,,2005,10.1029/2004JB003565,74,S2 core-author crawl (Bowman/Liu/Byrne/+co-authors)
exclude,"community/instrument/adjacent-group paper (co-authored, not CMS-Flux output)",Methane emissions from dairies in the Los Angeles Basin,,2016,10.5194/ACP-17-7509-2017,74,S2 core-author crawl (Bowman/Liu/Byrne/+co-authors)
exclude,"community/instrument/adjacent-group paper (co-authored, not CMS-Flux output)",Global satellite observations of column-averaged carbon dioxide and methane: The GHG-CCI XCO2 and XCH4 CRDP3 data set,,2017,10.1016/J.RSE.2016.12.027,73,S2 core-author crawl (Bowman/Liu/Byrne/+co-authors)
exclude,"community/instrument/adjacent-group paper (co-authored, not CMS-Flux output)",Balance of Emission and Dynamical Controls on Ozone During the Korea‐United States Air Quality Campaign From Multiconstituent Satellite Data Assimilation,Journal of Geophysical Research - Atmospheres,2019,10.1029/2018JD028912,70,S2 core-author crawl (Bowman/Liu/Byrne/+co-authors)
exclude,"community/instrument/adjacent-group paper (co-authored, not CMS-Flux output)",Consistent satellite XCO 2 retrievals from SCIAMACHY and GOSAT using the BESD algorithm,,2015,10.5194/AMT-8-2961-2015,67,S2 core-author crawl (Bowman/Liu/Byrne/+co-authors)
exclude,"community/instrument/adjacent-group paper (co-authored, not CMS-Flux output)",Bias corrections of GOSAT SWIR XCO2 and XCH4 with TCCON data and their evaluation using aircraft measurement data,,2016,10.5194/AMT-9-3491-2016,66,S2 core-author crawl (Bowman/Liu/Byrne/+co-authors)
exclude,"community/instrument/adjacent-group paper (co-authored, not CMS-Flux output)",Effects of atmospheric light scattering on spectroscopic observations of greenhouse gases from space. Part 2: Algorithm intercomparison in the GOSAT data processing for CO2 retrievals over TCCON sites,,2013,10.1002/jgrd.50146,66,S2 core-author crawl (Bowman/Liu/Byrne/+co-authors)
exclude,"community/instrument/adjacent-group paper (co-authored, not CMS-Flux output)",Toward High Precision XCO2 Retrievals From TanSat Observations: Retrieval Improvement and Validation Against TCCON Measurements,Journal of Geophysical Research - Atmospheres,2020,10.1029/2020JD032794,63,S2 core-author crawl (Bowman/Liu/Byrne/+co-authors)
exclude,"community/instrument/adjacent-group paper (co-authored, not CMS-Flux output)",Estimate of carbonyl sulfide tropical oceanic surface fluxes using Aura Tropospheric Emission Spectrometer observations,,2015,10.1002/2015JD023493,55,S2 core-author crawl (Bowman/Liu/Byrne/+co-authors)
exclude,"community/instrument/adjacent-group paper (co-authored, not CMS-Flux output)",Global Carbon Budget 2025,Earth System Science Data,2026,10.5194/essd-18-3211-2026,54,S2 core-author crawl (Bowman/Liu/Byrne/+co-authors)
exclude,"community/instrument/adjacent-group paper (co-authored, not CMS-Flux output)",Aircraft measurements of carbon dioxide and methane for the calibration of ground-based high-resolution Fourier Transform Spectrometers and a comparison to GOSAT data measured over Tsukuba and Moshiri,,2012,10.5194/AMT-5-2003-2012,49,S2 core-author crawl (Bowman/Liu/Byrne/+co-authors)
exclude,"community/instrument/adjacent-group paper (co-authored, not CMS-Flux output)",An 11-year record of XCO2 estimates derived from GOSAT measurements using the NASA ACOS version 9 retrieval algorithm,Earth System Science Data,2022,10.5194/essd-14-325-2022,46,S2 core-author crawl (Bowman/Liu/Byrne/+co-authors)
exclude,"community/instrument/adjacent-group paper (co-authored, not CMS-Flux output)",Total Column Carbon Observing Network (TCCON) Site: Park Falls,,2014,10.14291/TCCON.GGG2014.PARKFALLS01.R0/1149161,42,S2 core-author crawl (Bowman/Liu/Byrne/+co-authors)
exclude,"community/instrument/adjacent-group paper (co-authored, not CMS-Flux output)",A method for colocating satellite X CO 2 data to ground-based data and its application to ACOS-GOSAT and TCCON,,2014,10.5194/AMT-7-2631-2014,41,S2 core-author crawl (Bowman/Liu/Byrne/+co-authors)
exclude,"community/instrument/adjacent-group paper (co-authored, not CMS-Flux output)","Quality controls, bias, and seasonality of CO2 columns in the boreal forest with Orbiting Carbon Observatory-2, Total Carbon Column Observing Network, and EM27/SUN measurements",Atmospheric Measurement Techniques,2020,10.5194/AMT-13-5033-2020,40,S2 core-author crawl (Bowman/Liu/Byrne/+co-authors)
exclude,"community/instrument/adjacent-group paper (co-authored, not CMS-Flux output)",Evaluation of seasonal atmosphere–biosphere exchange estimations with TCCON measurements,,2013,10.5194/ACP-13-5103-2013,40,S2 core-author crawl (Bowman/Liu/Byrne/+co-authors)
exclude,"community/instrument/adjacent-group paper (co-authored, not CMS-Flux output)",Vertically constrained CO2 retrievals from TCCON measurements,,2012,10.1016/J.JQSRT.2012.04.024,38,S2 core-author crawl (Bowman/Liu/Byrne/+co-authors)
exclude,"community/instrument/adjacent-group paper (co-authored, not CMS-Flux output)","Total Column Carbon Observing Network (TCCON), Site: Pasadena, California",,2015,10.14291/TCCON.GGG2014.PASADENA01.R1/1182415,37,S2 core-author crawl (Bowman/Liu/Byrne/+co-authors)
exclude,"community/instrument/adjacent-group paper (co-authored, not CMS-Flux output)",Preflight Spectral Calibration of the Orbiting Carbon Observatory 2,IEEE Transactions on Geoscience and Remote Sensing,2017,10.1109/TGRS.2016.2645614,35,S2 core-author crawl (Bowman/Liu/Byrne/+co-authors)
exclude,"community/instrument/adjacent-group paper (co-authored, not CMS-Flux output)",Derivation of tropospheric methane from TCCON CH 4 and HF total column observations,,2014,10.5194/AMT-7-2907-2014,35,S2 core-author crawl (Bowman/Liu/Byrne/+co-authors)
exclude,"community/instrument/adjacent-group paper (co-authored, not CMS-Flux output)",B355 The Total Carbon Column Observing Network (TCCON),,2011,,35,S2 core-author crawl (Bowman/Liu/Byrne/+co-authors)
exclude,"community/instrument/adjacent-group paper (co-authored, not CMS-Flux output)",Using a Speed-Dependent Voigt Line Shape to Retrieve O2 from Total Carbon Column Observing Network Solar Spectra to Improve Measurements of XCO2,Atmospheric Measurement Techniques,2019,10.5194/AMT-12-35-2019,34,S2 core-author crawl (Bowman/Liu/Byrne/+co-authors)
exclude,"community/instrument/adjacent-group paper (co-authored, not CMS-Flux output)",Evaluation of Sentinel-5P TROPOMI Methane Observations at Northern High Latitudes,Remote Sensing,2024,10.3390/rs16162979,32,S2 core-author crawl (Bowman/Liu/Byrne/+co-authors)
exclude,"community/instrument/adjacent-group paper (co-authored, not CMS-Flux output)","CH4, CO, and H2O spectroscopy for the Sentinel-5 Precursor mission: an assessment with the Total Carbon Column Observing Network measurements",,2012,10.5194/AMT-5-1387-2012,31,S2 core-author crawl (Bowman/Liu/Byrne/+co-authors)
exclude,"community/instrument/adjacent-group paper (co-authored, not CMS-Flux output)",Global CO 2 fluxes inferred from surface air-sample measurements and from TCCON retrievals of the CO 2 total column,,2011,,30,S2 core-author crawl (Bowman/Liu/Byrne/+co-authors)
exclude,"community/instrument/adjacent-group paper (co-authored, not CMS-Flux output)",Comparison of XH2O Retrieved from GOSAT Short-Wavelength Infrared Spectra with Observations from the TCCON Network,Remote Sensing,2016,10.3390/RS8050414,27,S2 core-author crawl (Bowman/Liu/Byrne/+co-authors)
exclude,"community/instrument/adjacent-group paper (co-authored, not CMS-Flux output)",Impact of Southern California anthropogenic emissions on ozone pollution in the mountain states: Model analysis and observational evidence from space,,2013,10.1002/2013JD020205,25,S2 core-author crawl (Bowman/Liu/Byrne/+co-authors)
exclude,"community/instrument/adjacent-group paper (co-authored, not CMS-Flux output)",CH4 Fluxes Derived from Assimilation of TROPOMI XCH4 in CarbonTracker Europe-CH4: Evaluation of Seasonality and Spatial Distribution in the Northern High Latitudes,Remote Sensing,2023,10.3390/rs15061620,24,S2 core-author crawl (Bowman/Liu/Byrne/+co-authors)
exclude,"community/instrument/adjacent-group paper (co-authored, not CMS-Flux output)",Total Column Carbon Observing Network (TCCON) Site: Lamont,,2014,10.14291/TCCON.GGG2014.LAMONT01.R0/1149159,23,S2 core-author crawl (Bowman/Liu/Byrne/+co-authors)
exclude,"community/instrument/adjacent-group paper (co-authored, not CMS-Flux output)",A scientiﬁc algorithm to simultaneously retrieve carbon monoxide and methane from TROPOMI onboard Sentinel-5 Precursor,,,,22,S2 core-author crawl (Bowman/Liu/Byrne/+co-authors)
exclude,"community/instrument/adjacent-group paper (co-authored, not CMS-Flux output)",Drivers of column-average CO 2 variability at Southern Hemispheric total carbon column observing network sites,,2013,10.5194/ACP-14-9883-2014,19,S2 core-author crawl (Bowman/Liu/Byrne/+co-authors)
exclude,"community/instrument/adjacent-group paper (co-authored, not CMS-Flux output)",Using portable low-resolution spectrometers to evaluate Total Carbon Column Observing Network (TCCON) biases in North America,Atmospheric Measurement Techniques,2023,10.5194/amt-16-1239-2023,17,S2 core-author crawl (Bowman/Liu/Byrne/+co-authors)
exclude,"community/instrument/adjacent-group paper (co-authored, not CMS-Flux output)",Simultaneous retrieval of atmospheric CO2 and light path modification from space-based spectroscopic observations of greenhouse gases: methodology and application to GOSAT measurements over TCCON sites.,Applied Optics,2013,10.1364/AO.52.001339,17,S2 core-author crawl (Bowman/Liu/Byrne/+co-authors)
exclude,"community/instrument/adjacent-group paper (co-authored, not CMS-Flux output)",Study of the footprints of short-term variation in XCO<sub>2</sub> observed by TCCON sites using NIES and FLEXPART atmospheric transport models,Atmospheric Chemistry and Physics,2016,10.5194/ACP-17-143-2017,16,S2 core-author crawl (Bowman/Liu/Byrne/+co-authors)
exclude,"community/instrument/adjacent-group paper (co-authored, not CMS-Flux output)",Methane retrieved from TROPOMI: improvement of the data product and validation of the first two years of measurements,,2020,10.5194/amt-2020-281,15,S2 core-author crawl (Bowman/Liu/Byrne/+co-authors)
exclude,"community/instrument/adjacent-group paper (co-authored, not CMS-Flux output)","Consistent evaluation of GOSAT, SCIAMACHY, CarbonTracker, and MACC through comparisons to TCCON",,2015,10.5194/amtd-8-6217-2015,15,S2 core-author crawl (Bowman/Liu/Byrne/+co-authors)
exclude,"community/instrument/adjacent-group paper (co-authored, not CMS-Flux output)",Synergetic use of IASI profile and TROPOMI total-column level 2 methane retrieval products,Atmospheric Measurement Techniques,2022,10.5194/amt-15-4339-2022,14,S2 core-author crawl (Bowman/Liu/Byrne/+co-authors)
exclude,"community/instrument/adjacent-group paper (co-authored, not CMS-Flux output)",Total Column Carbon Observing Network (TCCON) Site: Jet Propulsion Laboratory,,2014,10.14291/TCCON.GGG2014.JPL02.R0/1149297,13,S2 core-author crawl (Bowman/Liu/Byrne/+co-authors)
exclude,"community/instrument/adjacent-group paper (co-authored, not CMS-Flux output)",Total Column Carbon Observing Network (TCCON) Site: Manaus,,2014,10.14291/TCCON.GGG2014.MANAUS01.R0/1149274,12,S2 core-author crawl (Bowman/Liu/Byrne/+co-authors)
exclude,"community/instrument/adjacent-group paper (co-authored, not CMS-Flux output)",An extended intercomparison of simultaneous ground-based Fourier transform infrared spectrometer measurements at the Toronto Atmospheric Observatory,,2008,10.1016/J.JQSRT.2008.03.011,12,S2 core-author crawl (Bowman/Liu/Byrne/+co-authors)
exclude,"community/instrument/adjacent-group paper (co-authored, not CMS-Flux output)",Using a portable FTIR spectrometer to evaluate the consistency of Total Carbon Column Observing Network (TCCON) measurements on a global scale: the Collaborative Carbon Column Observing Network (COCCON) travel standard,Atmospheric Measurement Techniques,2024,10.5194/amt-17-3467-2024,11,S2 core-author crawl (Bowman/Liu/Byrne/+co-authors)
exclude,"community/instrument/adjacent-group paper (co-authored, not CMS-Flux output)",Comparisons of the v11.1 Orbiting Carbon Observatory‐2 (OCO‐2) XCO2 Measurements With GGG2020 TCCON,Earth and Space Science,2025,10.1029/2024EA003935,9,S2 core-author crawl (Bowman/Liu/Byrne/+co-authors)
exclude,"community/instrument/adjacent-group paper (co-authored, not CMS-Flux output)",Evaluation of atmosphere-biosphere exchange estimations with TCCON measurements,,2012,10.5194/ACPD-12-12759-2012,9,S2 core-author crawl (Bowman/Liu/Byrne/+co-authors)
exclude,"community/instrument/adjacent-group paper (co-authored, not CMS-Flux output)",Impact of Data Assimilation on ECCO2 Equatorial Undercurrent and North Equatorial Countercurrent in the Pacific Ocean,,2015,10.1175/JTECH-D-14-00025.1,8,S2 core-author crawl (Bowman/Liu/Byrne/+co-authors)
exclude,"community/instrument/adjacent-group paper (co-authored, not CMS-Flux output)",An eleven year record of XCO2 estimates derived from GOSAT measurements using the NASA ACOS version 9 retrieval algorithm,,2021,10.5194/essd-2021-247,8,S2 core-author crawl (Bowman/Liu/Byrne/+co-authors)
exclude,"community/instrument/adjacent-group paper (co-authored, not CMS-Flux output)",Profiling Tropospheric CO2 using the Aura TES and TCCON instruments,,2012,10.5194/amtd-5-4495-2012,8,S2 core-author crawl (Bowman/Liu/Byrne/+co-authors)
exclude,"community/instrument/adjacent-group paper (co-authored, not CMS-Flux output)",Total Column Carbon Observing Network (TCCON) Site: Indianapolis/InFLUX,,2014,10.14291/TCCON.GGG2014.INDIANAPOLIS01.R0/1149164,6,S2 core-author crawl (Bowman/Liu/Byrne/+co-authors)
exclude,"community/instrument/adjacent-group paper (co-authored, not CMS-Flux output)","Fiducial Reference Measurements for Greenhouse Gases (FRM4GHG): Validation of Satellite (Sentinel-5 Precursor, OCO-2, and GOSAT) Missions Using the COllaborative Carbon Column Observing Network (COCCON)",Remote Sensing,2025,10.3390/rs17050734,5,S2 core-author crawl (Bowman/Liu/Byrne/+co-authors)
exclude,"community/instrument/adjacent-group paper (co-authored, not CMS-Flux output)",A comparison of carbon monoxide retrievals between the MOPITT satellite and Canadian high-Arctic ground-based NDACC and TCCON FTIR measurements,Atmospheric Measurement Techniques,2022,10.5194/amt-15-6837-2022,5,S2 core-author crawl (Bowman/Liu/Byrne/+co-authors)
