suggested_action,relevance,title,venue,year,doi,citations_s2,authors
recommend,0.485,Augmenting the double-Gaussian representation of atmospheric turbulence and convection via a coupled stochastic multi-plume mass flux scheme,Monthly Weather Review,2022,10.1175/mwr-d-21-0215.1,8,M. Witte; A. Herrington; J. Teixeira; M. Kurowski; M. Chinita; R. Storer; K. Suselj; G. Matheou; J. Bacmeister
recommend,0.424,Coupling Warm Rain With an Eddy Diffusivity/Mass Flux Parameterization: 1. Model Description and Validation,Journal of Advances in Modeling Earth Systems,2022,10.1029/2021ms002736,3,K. Suselj; M. Smalley; M. Lebsock; M. Kurowski; M. Witte; João Paulo Ramos Teixeira
recommend,0.394,On the Parameterization of Convective Downdrafts for Marine Stratocumulus Clouds,Monthly Weather Review,2020,10.1175/mwr-d-19-0292.1,20,E. Wu; Handa Yang; J. Kleissl; K. Suselj; M. Kurowski; João Paulo Teixeira
recommend,0.303,Quantifying the impact of vertical resolution on the representation of marine boundary layer physics for global-scale models,Monthly Weather Review,2023,10.1175/mwr-d-23-0078.1,4,M. Smalley; M. Lebsock; J. Teixeira
recommend,0.273,The Strong Impact of Weak Horizontal Convergence on Continental Shallow Convection,,2020,10.1175/jas-d-19-0351.1,8,M. Kurowski; W. Grabowski; K. Suselj; João Paulo Ramos Teixeira
recommend,0.242,Spaceborne differential absorption radar water vapor retrieval capabilities in tropical and subtropical boundary layer cloud regimes,Atmospheric Measurement Techniques,2021,10.5194/amt-2021-111,16,R. Roy; M. Lebsock; M. Kurowski
recommend,0.242,The diurnal susceptibility of subtropical clouds to aerosols,Atmospheric Chemistry and Physics,2025,10.5194/acp-25-15329-2025,6,M. Kurowski; M. Lebsock; K. Smalley
recommend,0.242,"Analyses of Shallow Convection over the Amazon Coastal Region Using Satellite Images, Data Observations and Modeling",Revista Brasileira de Meteorologia,2018,10.1590/0102-7786332009,1,L. Pires; K. Suselj; L. Rossato; J. Teixeira; João Paulo Ramos Teixeira
recommend,0.242,A Stochastic Eddy-Diffusivity/Mass-Flux Boundary Layer and Shallow Convection Parameterization in 1-D NCEP GFS: Implementation and Initial Results,,2016,,0,M. Witek; João Paulo Teixeira; K. Suselj; Jongil Han; C. Jones
recommend,0.242,Unified boundary layer and convection parameterization: simulation of the transition from stratocumulus to shallow cumulus boundary layers,,2011,,0,K. Suselj; J. Teixeira
recommend,0.212,Distinct Dynamical and Structural Properties of Marine Stratocumulus and Shallow Cumulus Clouds in the Eastern North Atlantic,Journal of Geophysical Research - Atmospheres,2022,10.1029/2022jd037021,9,Jong‐Hoon Jeong; M. Witte; I. Glenn; M. Smalley; M. Lebsock; K. Lamer; Zeen Zhu
recommend,0.212,"An A-train and MERRA view of cloud, thermodynamic, and dynamic variability within the subtropical marine boundary layer",,2017,10.5194/acp-17-9451-2017,7,B. Kahn; G. Matheou; Q. Yue; T. Fauchez; E. Fetzer; M. Lebsock; J. Martins; M. Schreier; Kentaroh Suzuki; J. Teixeira
recommend,0.212,Computational Domain Size Effects on Large-Eddy Simulations of Precipitating Shallow Cumulus Convection,Atmosphere,2023,10.3390/atmos14071186,5,Oumaima Lamaakel; R. Venters; João Paulo Ramos Teixeira; G. Matheou
recommend,0.212,New sampling strategy mitigates a solar-geometry-induced bias in sub-kilometre vapour scaling statistics derived from imaging spectroscopy,Atmospheric Measurement Techniques,2022,10.5194/amt-15-117-2022,1,M. T. Richardson; D. Thompson; M. Kurowski; M. Lebsock
recommend,0.212,A Unified EDMF Boundary Layer and Shallow Convection Parameterization in GEOS5,,2016,,0,K. Suselj; J. Teixeira; A. Molod
recommend,0.212,Stochastic eddy-diffusivity/mass-flux parameterization for moist convective boundary layers,,2012,,0,K. Suselj; J. Teixeira
recommend,0.212,"A satellite and reanalysis view of cloud organization, thermodynamic, and dynamic variability within the subtropical marine boundary layer",,2017,10.5194/acp-2017-59,0,B. Kahn; G. Matheou; Q. Yue; T. Fauchez; E. Fetzer; M. Lebsock; J. Martins; M. Schreier; Kentaroh Suzuki; J. Teixeira
recommend,0.182,Detection and Tracking of Tropical Convective Storms Based on Globally Gridded Precipitation Measurements: Algorithm and Survey over the Tropics,,2021,10.1175/jamc-d-20-0171.1,10,Hanii Takahashi; M. Lebsock; Z. Luo; H. Masunaga; Cindy Wang
recommend,0.182,Boundary layer water vapour statistics from high-spatial-resolution spaceborne imaging spectroscopy,Atmospheric Measurement Techniques,2021,10.5194/amt-14-5555-2021,5,M. Richardson; D. Thompson; M. Kurowski; M. Lebsock
recommend,0.182,The Spiderweb Structure of Stratocumulus Clouds,Atmosphere,2020,10.3390/atmos11070730,2,G. Matheou; A. Davis; João Paulo Ramos Teixeira
recommend,0.182,Eddy-diffusivity/Mass-flux parameterization for boundary layer and shallow convection in the global NASA GEOS5 model,,2012,,0,K. Suselj; J. Teixeira
recommend,0.182,Breaking a turbulence parameterization: a comparison of a stochastic eddy diffusivity mass flux scheme to scale dependent statistics from coarse graining of a large eddy simulation,,2012,,0,K. Pressel; T. Schneider; J. Teixeira; K. Suselj
review,0.152,Tropical and Subtropical Cloud Transitions in Weather and Climate Prediction Models: The GCSS/WGNE Pacific Cross-Section Intercomparison (GPCI),,2011,10.1175/2011jcli3672.1,146,João Paulo Ramos Teixeira; S. Cardoso; S. Cardoso; M. Bonazzola; Jason C. Cole; A. Delgenio; C. DeMott; C. Franklin; C. Hannay; C. Jakob; Y. Jiao; J. Karlsson; H. Kitagawa; M. Köhler; A. Kuwano‐Yoshida; C. Ledrian; Jun Li; A. Lock; M. Miller; P. Marquet; J. Martins; C. Mechoso; E. Meijgaard; I. Meinke; P. Miranda; D. Mironov; R. Neggers; H. Pan; D. Randall; P. Rasch; B. Rockel; W. Rossow; B. Ritter; A. P. Siebesma; P. Soares; F. Turk; P. Vaillancourt; A. Engeln; Ming Zhao
review,0.152,Warm Rain Rates from AMSR-E 89-GHz Brightness Temperatures Trained Using CloudSat Rain-Rate Observations,Journal of Atmospheric and Oceanic Technology,2019,10.1175/jtech-d-18-0185.1,25,R. Eastman; M. Lebsock; R. Wood
review,0.152,Assessment of Two Stochastic Cloud Subcolumn Generators Using Observed Fields of Vertically Resolved Cloud Extinction,Journal of Atmospheric and Oceanic Technology,2022,10.1175/jtech-d-21-0166.1,5,L. Oreopoulos; N. Cho; Dongmin Lee; M. Lebsock; Zhibo Zhang
review,0.152,A New Multi-Plume Stochastic Eddy-Diffusivity/Mass-Flux Model: A Step Towards Unified Turbulence and Convection Parameterization,,2017,,0,K. Suselj
review,0.152,Eddy-Diffusivity/Mass-Flux and moist convective boundary layers,,2010,,0,K. Suselj
review,0.152,New sampling strategy removes imaging spectroscopy solar-smearing bias in sub-km vapour scaling statistics,,2021,10.5194/amt-2021-163,0,M. T. Richardson; D. Thompson; M. Kurowski; M. Lebsock
review,0.121,An Uncertainty Data Set for Passive Microwave Satellite Observations of Warm Cloud Liquid Water Path,Journal of Geophysical Research - Atmospheres,2018,10.1002/2017jd027638,38,T. Greenwald; R. Bennartz; M. Lebsock; J. Teixeira
review,0.121,Improving the Mellor–Yamada–Janjić Parameterization for wind conditions in the marine planetary boundary layer,,2010,10.1007/s10546-010-9502-3,37,K. Suselj; A. Sood
review,0.121,Atmospheric parameters in a subtropical cloud regime transition derived by AIRS and MODIS : observed statistical variability compared to ERA-Interim,,2013,10.5194/acp-14-3573-2014,13,M. Schreier; B. Kahn; K. Suselj; J. Karlsson; S. Ou; Q. Yue; S. Nasiri
review,0.121,The Spectral Nature of Earth’s Reflected Radiation: Measurement and Science Applications,Frontiers in Remote Sensing,2021,10.3389/frsen.2021.664291,13,G. Stephens; O. Kalashnikova; J. Gristey; P. Pilewskie; D. Thompson; Xianglei Huang; M. Lebsock; S. Schmidt
review,0.121,Synthetic Observations of the Planetary Boundary Layer from Space: A Retrieval Observing System Simulation Experiment Framework,Bulletin of The American Meteorological Society - (BAMS),2023,10.1175/bams-d-22-0129.1,8,M. Kurowski; João Paulo Ramos Teixeira; Chi O. Ao; S. Brown; A. Davis; Linda Forster; Kuo-Nung Wang; M. Lebsock; Mary Morris; Vivienne Payne; Mark T. Richardson; R. Roy; David Thompson; R. Wilson
review,0.121,A Lagrangian Analysis of Pockets of Open Cells over the Southeast Pacific,Atmospheric Chemistry and Physics,2021,10.5194/acp-2021-1001,8,K. Smalley; M. Lebsock; R. Eastman; M. Smalley; M. Witte
review,0.121,Vertical wind and drop size distribution retrieval with the CloudCube G-band Doppler radar,Atmospheric Measurement Techniques,2025,10.5194/amt-18-5141-2025,5,Nitika Yadlapalli Yurk; M. Lebsock; Juan M. Socuéllamos; Raquel Rodriguez Monje; Ken B. Cooper; P. Kollias
review,0.121,Eddy-diffusivity/mass-flux parameterization for boundary layer in the global NASA GEOS5 model,,2016,,0,K. Suselj; J. Teixeira; A. Molod
review,0.121,A New Stochastic Eddy-Diffusivity/Mass-Flux Model: A Step Towards Unified Parameterization,,2015,,0,K. Suselj
review,0.121,Optimizing EDMF parameterization for stratocumulus-topped boundary layer,,2014,,0,C. Jones; C. Bretherton; M. Witek; K. Suselj
review,0.121,"Improving Mellor-Yamada-Janjic boundary layer parameterization, case of marine atmospheric boundary layer",,2008,,0,K. Suselj
review,0.121,Scientific Applications of Multi-Angle Measurements to Reconstruct Earth’s Atmosphere through Tomography,Bulletin of The American Meteorological Society - (BAMS),2026,10.1175/bams-d-24-0293.1,0,Linda Forster; Mark T. Richardson; A. Davis; Mauricio Hess-Flores; Igor Yanovsky; J. Ryan; M. Lebsock; D. Posselt; F. Seidel; Chi O. Ao; Shannon T. Brown; D. Diner; E. Fishbein; L. Girolamo; M. Kurowski; Lukas Mandrake; C. E. Miller; N. Parazoo; Graeme Stephens; J. P. Teixeira; J. Hyon; M. Seablom
review,0.121,Infrared Instrument Radiance Modeling from Large Eddy Simulations to Access Sensitivity to Marine Planetary Boundary Layer Processes,,2019,,0,E. Fishbein; B. Lambrigtsen; M. Lebsock; G. Matheou; V. Payne; M. Schreier; J. Teixeira; R. C. Wilson
review,0.091,"Spaceborne Cloud and Precipitation Radars: Status, Challenges, and Ways Forward",Reviews of Geophysics,2020,10.1029/2019rg000686,139,A. Battaglia; P. Kollias; R. Dhillon; R. Roy; S. Tanelli; K. Lamer; M. Grecu; M. Lebsock; Daniel Watters; Kamil Mróz; G. Heymsfield; Lihua Li; K. Furukawa
review,0.091,Retrieving co‐occurring cloud and precipitation properties of warm marine boundary layer clouds with A‐Train data,,2016,10.1002/2015jd023681,32,G. Mace; S. Avey; S. Cooper; M. Lebsock; S. Tanelli; G. Dobrowalski
review,0.091,Marine liquid cloud geometric thickness retrieved from OCO-2's oxygen A-band spectrometer,Atmospheric Measurement Techniques,2019,10.5194/amt-12-1717-2019,24,M. Richardson; J. Leinonen; H. Cronk; J. McDuffie; M. Lebsock; G. Stephens
review,0.091,"Transitions of cloud‐topped marine boundary layers characterized by AIRS, MODIS, and a large eddy simulation model",,2013,10.1002/jgrd.50676,12,Q. Yue; Q. Yue; B. Kahn; H. Xiao; H. Xiao; M. Schreier; M. Schreier; E. Fetzer; João Paulo Ramos Teixeira; K. Suselj; K. Suselj
review,0.091,Dual-frequency (Ka-band and G-band) radar estimates of liquid water content profiles in shallow clouds,Atmospheric Measurement Techniques,2024,10.5194/amt-17-6965-2024,6,Juan M. Socuéllamos; Raquel Rodriguez Monje; M. Lebsock; Ken B. Cooper; P. Kollias
review,0.091,Understanding the Microphysical Control and Spatial‐Temporal Variability of Warm Rain Probability Using CloudSat and MODIS Observations,Geophysical Research Letters,2022,10.1029/2022gl098863,5,Zhibo Zhang; L. Oreopoulos; M. Lebsock; D. Mechem; J. Covert
review,0.091,A new Orbiting Carbon Observatory 2 cloud flagging method and rapid retrieval of marine boundary layer cloud properties,,2020,10.5194/amt-13-4947-2020,4,M. Richardson; M. Lebsock; J. McDuffie; G. Stephens
review,0.091,Towards a Climate OSSE Framework for Satellite Mission Design,Bulletin of The American Meteorological Society - (BAMS),2025,10.1175/bams-d-24-0242.1,3,A. Fridlind; G. Elsaesser; M. Lier-Walqui; G. Cesana; Elizabeth Weatherhead; G. Tselioudis; Gavin A. Schmidt; D. Barahona; B. Cairns; W. D. Collins; David Considine; Lidia Cucurull; L. DiGirolamo; A. Emory; O. Hasekamp; Shan He; Ryan Kramer; M. Lebsock; Tsengdar J. Lee; S. Leroy; Wuyin Lin; Steven Lugauer; Daniel J. Miller; J. Mulmenstadt; L. Oreopoulos; Derek J. Posselt; Mark D. Zelinkas
review,0.091,Differential Absorption Radar at 170 GHz for Atmospheric Boundary Layer Water Vapor Profiling,European Microwave Conference,2018,10.23919/eurad.2018.8546571,3,R. Roy; K. Cooper; M. Lebsock; L. Millán; J. Siles; R. Monje
review,0.091,NASA Incubation Study on Planetary Boundary Layer,IEEE International Geoscience and Remote Sensing Symposium,2020,10.1109/igarss39084.2020.9323101,2,João Paulo Ramos Teixeira; J. Piepmeier; A. Nehrir
review,0.091,Variability of bulk water vapor content in the marine cloudy boundary layers from microwave and near-infrared imagery,Atmospheric Chemistry and Physics,2019,10.5194/acp-19-8491-2019,2,L. Millán; M. Lebsock; J. Teixeira
review,0.091,"Assessing Uncertainty and Biases in Total Liquid Water Path Retrieved from W-, Ka- and G-band Radar/Radiometer Observations from Space",Journal of Atmospheric and Oceanic Technology,2026,10.1175/jtech-d-25-0044.1,1,Zhuocan Xu; P. Kollias; M. Lebsock; Alessandro Battaglia; S. Sasikumar
review,0.091,Retrieval simulations of a spaceborne differential absorption radar near the 380 GHz water vapor line,Atmospheric Measurement Techniques,2025,10.5194/amt-18-4483-2025,1,Luis Millán; M. Lebsock; M. Kurowski
review,0.091,"Variability of Bulk Water Vapor Content in the Marine Cloudy
Boundary Layers from Microwave and Near-Infrared Imagery",,2019,10.5194/acp-2019-4,1,L. Millán; M. Lebsock; J. Teixeira
review,0.091,Ice in convective storm environments: assessing impacts of microphysics on simulated reflectivities,Journal of Atmospheric and Oceanic Technology,2026,10.1175/jtech-d-25-0125.1,0,J. Shates; D. Posselt; M. Lebsock; Joseph A. Finlon; G. McFarquhar; A. Heymsfield
review,0.091,Hyperspectral A-band retrievals of cloud droplet number concentration from OCO-2,,2020,10.5194/egusphere-egu2020-22389,0,M. Richardson; M. Lebsock; G. Stephens
review,0.091,A new OCO-2 cloud flagging and rapid retrieval of marine boundary layer cloud properties,,2020,10.5194/amt-2020-140,0,M. Richardson; M. Lebsock; J. McDuffie; G. Stephens
review,0.091,Observed variability of the subtropical marine boundary layer,,2019,,0,M. Lebsock
review,0.091,G-band FMCW Radar for Humidity Profiling Inside Boundary Layer Clouds,,2018,,0,R. Roy; K. Cooper; M. Lebsock; L. Millán; J. Siles; R. Monje
review,0.091,Differential Absorption Radar at 170 GHz for Atmospheric Boundary Layer Water Vapor Profiling,European Radar Conference,2018,10.23919/eumc.2018.8541614,0,R. Roy; K. Cooper; M. Lebsock; L. Millán; J. Siles; R. Monje
exclude,0.061,Frequency and causes of failed MODIS cloud property retrievals for liquid phase clouds over global oceans,Journal of Geophysical Research - Atmospheres,2015,10.1002/2015jd023161,106,Hyoun-Myoung Cho; Zhibo Zhang; K. Meyer; M. Lebsock; S. Platnick; A. Ackerman; L. Di Girolamo; L. C.-Labonnote; C. Cornet; J. Riedi; R. Holz
exclude,0.061,Detecting the Ratio of Rain and Cloud Water in Low-Latitude Shallow Marine Clouds,,2010,10.1175/2010jamc2494.1,77,M. Lebsock; T. L’Ecuyer; G. Stephens
exclude,0.061,Physical science research needed to evaluate the viability and risks of marine cloud brightening,Science Advances,2024,10.1126/sciadv.adi8594,66,G. Feingold; V. Ghate; Lynn M. Russell; P. Blossey; W. Cantrell; M. Christensen; M. Diamond; A. Gettelman; F. Glassmeier; E. Gryspeerdt; James Haywood; Fabian Hoffmann; Colleen Kaul; M. Lebsock; A. McComiskey; D. McCoy; Y. Ming; J. Mülmenstädt; A. Possner; Prasanth Prabhakaran; P. K. Quinn; K. S. Schmidt; Raymond A. Shaw; C. Singer; A. Sorooshian; V. Toll; Jessica S. Wan; R. Wood; Fan Yang; Jianhao Zhang; Xue Zheng
exclude,0.061,Retrieval of snowflake microphysical properties from multifrequency radar observations,Atmospheric Measurement Techniques,2018,10.5194/amt-2018-73,64,J. Leinonen; M. Lebsock; S. Tanelli; O. Sy; B. Dolan; R. Chase; Joseph A. Finlon; A. von Lerber; D. Moisseev
exclude,0.061,Observational Boundary Layer Energy and Water Budgets of the Stratocumulus-to-Cumulus Transition,,2014,10.1175/jcli-d-14-00242.1,28,P. Kalmus; M. Lebsock; J. Teixeira
exclude,0.061,An investigation of microphysics and subgrid‐scale variability in warm‐rain clouds using the A‐Train observations and a multiscale modeling framework,,2017,10.1002/2016jd026404,25,Hanii Takahashi; M. Lebsock; Kentaroh Suzuki; G. Stephens; Minghuai Wang
exclude,0.061,Performance assessment of a triple-frequency spaceborne cloud–precipitation radar concept using a global cloud-resolving model,,2015,10.5194/amt-8-3493-2015,23,J. Leinonen; M. Lebsock; S. Tanelli; Kentaroh Suzuki; H. Yashiro; Y. Miyamoto
exclude,0.061,Differential absorption radar techniques: water vapor retrievals,,2016,10.5194/amt-9-2633-2016,21,L. Millán; M. Lebsock; N. Livesey; S. Tanelli
exclude,0.061,"An Observational View of Relationships Between Moisture Aggregation, Cloud, and Radiative Heating Profiles",Surveys in geophysics,2017,10.1007/s10712-017-9443-1,18,M. Lebsock; T. L’Ecuyer; R. Pincus
exclude,0.061,When Will Spaceborne Cloud Radar Detect Upward Shifts in Cloud Heights?,Journal of Geophysical Research - Atmospheres,2019,10.1029/2018jd030242,16,Hanii Takahashi; M. Lebsock; M. Richardson; R. Marchand; J. Kay
exclude,0.061,Simulation of Remote Sensing of Clouds and Humidity From Space Using a Combined Platform of Radar and Multifrequency Microwave Radiometers,Earth and Space Science,2019,10.1029/2019ea000580,15,Jonathan H. Jiang; Q. Yue; H. Su; P. Kangaslahti; M. Lebsock; S. Reising; M. Schoeberl; Longtao Wu; R. Herman
exclude,0.061,Assessment of global total column water vapor sounding using a spaceborne differential absorption radar,Atmospheric Measurement Techniques,2020,10.5194/amt-2020-97,13,L. Millán; R. Roy; M. Lebsock
exclude,0.061,Uncertainty Characteristics of Total Water Path Retrievals in Shallow Cumulus Derived from Spaceborne Radar/Radiometer Integral Constraints,,2016,10.1175/jtech-d-16-0023.1,13,M. Lebsock; Kentaroh Suzuki
exclude,0.061,Sensitivity analysis of polarimetric O 2 A-band spectra for potential cloud retrievals using OCO-2/GOSAT measurements,,2015,10.5194/amt-8-3601-2015,13,S. Sanghavi; M. Lebsock; G. Stephens
exclude,0.061,Multifrequency radar observations of marine clouds during the EPCAPE campaign,Earth System Science Data,2024,10.5194/essd-16-2701-2024,9,Juan M. Socuéllamos; Raquel Rodriguez Monje; M. Lebsock; Ken B. Cooper; Robert M. Beauchamp; Arturo Y. Umeyama
exclude,0.061,A G-Band Doppler Radar for Atmospheric Profiling,IEEE Transactions on Geoscience and Remote Sensing,2024,10.1109/tgrs.2024.3398616,7,Juan M. Socuéllamos; Raquel Rodriguez Monje; Ken B. Cooper; M. Lebsock; S. P. M. Nagaraja; Jose V. Siles; Robert M. Beauchamp; S. Tanelli
exclude,0.061,Quantifying the dependence of drop spectrum width on cloud drop number concentration for cloud remote sensing,Atmospheric Chemistry and Physics,2023,10.5194/acp-23-14293-2023,6,M. Lebsock; M. Witte
exclude,0.061,Scaling Behavior of a Turbulent Kinetic Energy Closure Scheme for the Stably Stratified Atmosphere: A Steady-State Analysis,Journal of the Atmospheric Sciences,2020,10.1175/jas-d-19-0332.1,2,M. MacDonald; João Paulo Ramos Teixeira
exclude,0.061,Improvements to the JPL EDMF Cloud Parameterization by a Suite of Global A-Train Satellite Observations,,2017,,0,M. Smalley; K. Suselj; M. Lebsock
exclude,0.061,Study of the shallow convection over the Belem region in Brazil,,2016,,0,L. Pires; K. Suselj; L. Rossato; J. Teixeira
exclude,0.061,A satellite observation test bed for cloud parameterization development,,2015,,0,M. Lebsock; K. Suselj
exclude,0.061,Physical-based validation of unified parameterization based on satellite observation of cloud and precipitation properties,,2015,,0,K. Suselj; M. Lebsock
exclude,0.061,Stochastic Convection Parameterizations,,2012,,0,J. Teixeira; C. Reynolds; K. Suselj; G. Matheou
exclude,0.061,Seeking guidance from active cloud observations to improve climate model subcolumn generators,,2021,10.1002/essoar.10509369.1,0,L. Oreopoulos; N. Cho; Dongmin Lee; M. Lebsock; Zhibo Zhang
exclude,0.061,"Supplementary material to ""A new OCO-2 cloud flagging and rapid retrieval of marine boundary layer cloud properties""",,2020,10.5194/amt-2020-140-supplement,0,M. Richardson; M. Lebsock; J. McDuffie; G. Stephens
exclude,0.061,Observing the Boundary Layer from Space II Posters,,2019,,0,J. Teixeira; J. Santanello; M. Lebsock
exclude,0.061,First Investigations of Drizzling Boundary Layer Cloud Properties with OCO-2 A-band Retrievals,,2018,,0,M. Richardson; H. Cronk; J. Leinonen; J. McDuffie; M. Lebsock; G. Stephens
exclude,0.061,The MAGIC Marine Boundary Layer Campaign: The Mean Thermodynamic and Cloud State,,2018,,0,P. Kalmus; J. Teixeira; E. Lewis; M. Reynolds; M. Lebsock
exclude,0.061,A Marine Boundary Layer Water Vapor Climatology Derived from Microwave and Near-Infrared Imagery,,2017,,0,L. M. Valle; M. Lebsock; J. Teixeira
exclude,0.061,A Climate Process Team focused on better representation of aerosol indirect effects in climate models through improved cloud macrophysical parameterization,,2011,,0,R. Wood; V. Larson; L. Donner; J. Golaz; H. Guo; A. Gettelman; H. Morrison; P. Bogenschutz; G. Feingold; T. Yamaguchi; Seoung-Soo Lee; G. Stephens; M. Lebsock; T. Kubar; D. Grosvenor
exclude,0.03,Snowfall‐driven mass change on the East Antarctic ice sheet,,2012,10.1029/2012gl053316,177,C. Boening; M. Lebsock; F. Landerer; G. Stephens
exclude,0.03,Multisensor satellite observations of aerosol effects on warm clouds,,2008,10.1029/2008jd009876,172,M. Lebsock; G. Stephens; C. Kummerow
exclude,0.03,On the precipitation susceptibility of clouds to aerosol perturbations,,2009,10.1029/2009gl038993,140,A. Sorooshian; G. Feingold; M. Lebsock; Hongli Jiang; G. Stephens
exclude,0.03,Global observations of aerosol impacts on precipitation occurrence in warm maritime clouds,,2009,10.1029/2008jd011273,118,T. L’Ecuyer; W. Berg; J. Haynes; M. Lebsock; T. Takemura
exclude,0.03,Precipitation driving of droplet concentration variability in marine low clouds,,2012,10.1029/2012jd018305,103,R. Wood; D. Leon; M. Lebsock; J. Snider; A. Clarke
exclude,0.03,Intercomparison of Three- and one-Dimensional Model Simulations and Aircraft Observations of Stratocumulus,,1999,10.1023/a:1002006919256,88,P. Duynkerke; P. J. Jonker; A. Chlond; M. V. Zanten; J. Cuxart; P. Clark; E. Sánchez; G. Martin; G. Lenderink; João Paulo Ramos Teixeira
exclude,0.03,"Comparisons of satellites liquid water estimates to ECMWF and GMAO analyses, 20th century IPCC AR4 climate simulations, and GCM simulations",,2008,10.1029/2008gl035427,71,Juilin Li; D. Waliser; C. Woods; João Paulo Ramos Teixeira; J. Bacmeister; J. Chern; B. Shen; A. Tompkins; W. Tao; M. Köhler
exclude,0.03,Deconstructing the precipitation susceptibility construct: Improving methodology for aerosol-cloud precipitation studies,,2010,10.1029/2009jd013426,54,A. Sorooshian; G. Feingold; M. Lebsock; Hongli Jiang; G. Stephens
exclude,0.03,"Opinion: To assess marine cloud brightening's technical feasibility, we need to know what to study—and when to stop",Proceedings of the National Academy of Sciences of the United States of America,2022,10.1073/pnas.2118379119,47,M. Diamond; A. Gettelman; M. Lebsock; A. McComiskey; L. Russell; R. Wood; G. Feingold
exclude,0.03,G-Band Radar for Humidity and Cloud Remote Sensing,IEEE Transactions on Geoscience and Remote Sensing,2020,10.1109/tgrs.2020.2995325,44,K. Cooper; R. Roy; R. Dengler; R. Monje; Maria Alonso-delPino; J. Siles; O. Yurduseven; C. Parashare; L. Millán; M. Lebsock
exclude,0.03,Validation of a G-Band Differential Absorption Cloud Radar for Humidity Remote Sensing,,2020,10.1175/jtech-d-19-0122.1,38,R. Roy; M. Lebsock; L. Millán; K. Cooper
exclude,0.03,Boundary-layer water vapor profiling using differential absorption radar,Atmospheric Measurement Techniques,2018,10.5194/amt-11-6511-2018,32,R. Roy; M. Lebsock; L. Millán; R. Dengler; R. Monje; J. Siles; K. Cooper
exclude,0.03,Regional Assessments of Low Clouds against Large-Scale Stability in CAM5 and CAM-CLUBB Using MODIS and ERA-Interim Reanalysis Data,,2015,10.1175/jcli-d-14-00184.1,20,T. Kubar; Graeme Stephens; M. Lebsock; V. Larson; P. Bogenschutz
exclude,0.03,On the Dependence of Cloud Feedbacks on Physical Parameterizations in WRF Aquaplanet Simulations,,2017,10.1002/2017gl074820,17,G. Cesana; K. Suselj; F. Brient
exclude,0.03,Diurnal Patterns in the Observed Cloud Liquid Water Path Response to Droplet Number Perturbations,Geophysical Research Letters,2024,10.1029/2023gl107323,17,K. Smalley; M. Lebsock; Ryan Eastman
exclude,0.03,Spectroscopic imaging of sub-kilometer spatial structure in lower-tropospheric water vapor,Atmospheric Measurement Techniques,2020,10.5194/amt-2020-346,17,D. Thompson; B. Kahn; P. Brodrick; M. Lebsock; M. Richardson; R. Green
exclude,0.03,Satellites Suggest Rising Tropical High Cloud Altitude: 2002–2021,Geophysical Research Letters,2022,10.1029/2022gl098160,16,M. Richardson; R. Roy; M. Lebsock
exclude,0.03,First Airborne Measurements with a G-band Differential Absorption Radar,IEEE Transactions on Geoscience and Remote Sensing,2021,10.1109/tgrs.2021.3134670,15,R. Roy; K. Cooper; M. Lebsock; J. Siles; L. Millán; R. Dengler; R. Monje; S. Durden; F. Cannon; Anna Wilson
exclude,0.03,What CloudSat cannot see: liquid water content profiles inferred from MODIS and CALIOP observations,Atmospheric Measurement Techniques,2023,10.5194/amt-16-3531-2023,14,Richard M. Schulte; M. Lebsock; J. Haynes
exclude,0.03,Corrections for Geostationary Cloud Liquid Water Path Using Microwave Imagery,Journal of Atmospheric and Oceanic Technology,2023,10.1175/jtech-d-23-0030.1,10,K. Smalley; M. Lebsock
exclude,0.03,Spatial Variation in Humidity and the Onset of Seasonal Influenza Across the Contiguous United States,GeoHealth,2021,10.1029/2021gh000469,6,E. Serman; H. Thrastarson; M. Franklin; João Paulo Ramos Teixeira
exclude,0.03,A random forest algorithm for the prediction of cloud liquid water content from combined CloudSat–CALIPSO observations,Atmospheric Measurement Techniques,2024,10.5194/amt-17-3583-2024,6,R. Schulte; M. Lebsock; J. Haynes; Yongxiang Hu
exclude,0.03,Water vapor measurements inside clouds and storms using a differential absorption radar,Atmospheric Measurement Techniques,2024,10.5194/amt-17-539-2024,6,L. Millán; M. Lebsock; Ken B. Cooper; Jose V. Siles; Robert J. Dengler; Raquel Rodriguez Monje; A. Nehrir; R. Barton-Grimley; J. Collins; C. Robinson; K. Thornhill; Holger Vömel
exclude,0.03,Analysis of collocated AIRS and MODIS data: a global investigation of correlations between clouds and atmosphere in 2004–2012,,2016,10.1080/01431161.2016.1177244,3,M. Schreier; K. Suselj
exclude,0.03,Didactic Speech Synthesizer: Acoustic Module - Formants Model,International Conference on Bio-inspired Systems and Signal Processing,2013,10.5220/0004249603560359,3,João Paulo Ramos Teixeira; Anildo P. Fernandes
exclude,0.03,Differential absorption radar at 170 and 560 GHz for humidity remote sensing,Defense + Commercial Sensing,2020,10.1117/12.2557138,1,K. Cooper; R. Roy; J. Siles; M. Lebsock; L. Millán; Omkar Pradhan; R. Monje
exclude,0.03,Differential Absorption Radar: An Emerging Technology for Remote Sounding of Water Vapor Within Clouds,,2017,,1,M. Lebsock; L. M. Valle; K. Cooper; J. Siles; R. Monje
exclude,0.03,Differential absorption radar techniques – Part 1: Surface pressure,,2014,10.5194/amtd-7-5795-2014,1,L. Millán; M. Lebsock; N. Livesey; S. Tanelli; G. Stephens
exclude,0.03,Probing the sensitivity of polarimetric O 2 A-band measurements to clouds with emphasis on potential OCO-2 and GOSAT retrievals,,2014,10.5194/amtd-7-9603-2014,1,S. Sanghavi; M. Lebsock; G. Stephens
exclude,0.03,On the climate sensitivity in global aqua-planet simulations,,2015,,0,K. Suselj; J. Teixeira
exclude,0.03,Implementação de Técnica para a Detecção do Complexo QRS em Sinais de ECG,,2020,10.14209/sbrt.2020.1570644478,0,G. S. Lazaretti; Khaled Bakri; E. Kuhn; João Paulo Ramos Teixeira
exclude,0.03,EEG Discrimination with Artificial Neural Networks,International Conference on Bio-inspired Systems and Signal Processing,2013,10.5220/0004249702360241,0,Sérgio Daniel Rodrigues; João Paulo Ramos Teixeira; P. Rodrigues
exclude,0.03,Liquid marine cloud geometric thickness retrieved from OCO-2's oxygen A-band spectrometer,,2018,10.5194/amt-2018-387,0,M. Richardson; J. Leinonen; H. Cronk; J. McDuffie; M. Lebsock; G. Stephens
exclude,0.03,An observationally-based evaluation of clouds and radiation in global climate numerical models using contemporary satellite data,,2016,,0,Juilin Li; D. Waliser; Wei‐Ting Chen; M. Deng; Seungwon Lee; T. L’Ecuyer; G. Stephens; M. Lebsock; M. Christensen; B. Guan; J. Jiang; J. Teixeira
exclude,0.03,The feasibility of water vapor sounding inside clouds or precipitation using a differential absorption radartechnique,,2016,,0,L. M. Valle; M. Lebsock; N. Livesey; K. Cooper; S. Tanelli
exclude,0.03,The Precipitation Susceptibility of Marine Low Clouds Derived from Measurements Collected by Cloudsat and MODIS,,2012,,0,G. Mace; S. Avey; S. Tanelli; M. Lebsock
exclude,0.03,Observational constraints on the sub-grid variability of cloud and rain: Implications for microphysical parameterization,,2012,,0,M. Lebsock; H. Morrison; A. Gettelman
exclude,0.03,Precipitation driving of droplet concentration 1 variability in marine low clouds 2 3 4,,2012,,0,R. Wood; D. Leon; M. Lebsock; J. Snider; A. Clarke
exclude,0.03,Sub-grid scale variability of cloud and rain: Implications for microphysical parameterization,,2012,,0,M. Lebsock
exclude,0.03,Aerosol Indirect Effects on Warm Clouds as Observed by the A-Train Satellites,,2008,,0,G. Stephens; M. Lebsock
exclude,0.03,A dual-frequency (W-band and G-band) radar optimal estimation framework to retrieve drizzle properties more accurately,,,,0,Juan M. Socuéllamos; M. Lebsock; Raquel Rodriguez Monje; M. Kurowski; Derek J. Posselt; Robert M. Beauchamp
exclude,0.0,An update on Earth's energy balance in light of the latest global observations,,2012,10.1038/ngeo1580,912,G. Stephens; Juilin Li; M. Wild; C. Clayson; N. Loeb; S. Kato; T. L’Ecuyer; P. Stackhouse; M. Lebsock; T. Andrews
exclude,0.0,CloudSat mission: Performance and early science after the first year of operation,,2008,10.1029/2008jd009982,907,G. Stephens; D. Vane; S. Tanelli; E. Im; S. Durden; M. Rokey; D. Reinke; P. Partain; G. Mace; R. Austin; T. L’Ecuyer; J. Haynes; M. Lebsock; Kentaroh Suzuki; D. Waliser; Dong L. Wu; J. Kay; A. Gettelman; Zhien Wang; R. Marchand
exclude,0.0,"Remote sensing of drought: Progress, challenges and opportunities",,2015,10.1002/2014rg000456,798,A. Aghakouchak; A. Farahmand; F. Melton; João Paulo Ramos Teixeira; Martha C. Anderson; B. Wardlow; C. Hain
exclude,0.0,A Global View on the Wind Sea and Swell Climate and Variability from ERA-40,,2011,10.1175/2010jcli3718.1,454,Á. Semedo; K. Suselj; A. Rutgersson; A. Sterl
exclude,0.0,The retrieval of warm rain from CloudSat,,2011,10.1029/2011jd016076,161,M. Lebsock; T. L’Ecuyer
exclude,0.0,Status of high‐latitude precipitation estimates from observations and reanalyses,Journal of Geophysical Research - Atmospheres,2016,10.1002/2015jd024546,127,A. Behrangi; M. Christensen; Mark T. Richardson; M. Lebsock; Graeme L. Stephens; G. Huffman; D. Bolvin; R. Adler; Alex Gardner; Bjorn Lambrigtsen; Eric Fetzer
exclude,0.0,On the quantification of oceanic rainfall using spaceborne sensors,,2012,10.1029/2012jd017979,112,A. Behrangi; M. Lebsock; S. Wong; B. Lambrigtsen
exclude,0.0,An Update on the Oceanic Precipitation Rate and Its Zonal Distribution in Light of Advanced Observations from Space,,2014,10.1175/jcli-d-13-00679.1,110,A. Behrangi; G. Stephens; R. Adler; G. Huffman; B. Lambrigtsen; M. Lebsock
exclude,0.0,The Multi-Sensor Advanced Climatology of Liquid Water Path (MAC-LWP).,Journal of Climate,2017,10.1175/jcli-d-16-0902.1,103,G. Elsaesser; C. O’Dell; M. Lebsock; R. Bennartz; T. Greenwald; F. Wentz
exclude,0.0,A Comparison of Precipitation Occurrence from the NCEP Stage IV QPE Product and theCloudSatCloud Profiling Radar,,2014,10.1175/jhm-d-13-048.1,90,M. Smalley; T. L’Ecuyer; M. Lebsock; J. Haynes
exclude,0.0,Microphysical implications of cloud‐precipitation covariance derived from satellite remote sensing,,2013,10.1002/jgrd.50347,85,M. Lebsock; H. Morrison; A. Gettelman
exclude,0.0,ESD Reviews: Climate feedbacks in the Earth system and prospects for their evaluation,Earth System Dynamics,2019,10.5194/esd-10-379-2019,82,C. Heinze; V. Eyring; V. Eyring; P. Friedlingstein; Colin G. Jones; Y. Balkanski; W. Collins; T. Fichefet; Shuang Gao; A. Hall; D. Ivanova; D. Ivanova; W. Knorr; R. Knutti; A. Löw; M. Ponater; M. Schultz; M. Schulz; P. Siebesma; P. Siebesma; João Paulo Ramos Teixeira; G. Tselioudis; M. Vancoppenolle
exclude,0.0,Application of active spaceborne remote sensing for understanding biases between passive cloud water path retrievals,,2014,10.1002/2014jd021568,79,M. Lebsock; H. Su
exclude,0.0,Exposing biases in retrieved low cloud properties from CloudSat: A guide for evaluating observations and climate data,,2013,10.1002/2013jd020224,61,M. Christensen; G. Stephens; M. Lebsock
exclude,0.0,Low cloud precipitation climatology in the southeastern Pacific marine stratocumulus region using CloudSat,,2013,10.1088/1748-9326/8/1/014027,55,A. Rapp; M. Lebsock; T. L’Ecuyer
exclude,0.0,Aerosol effect on the warm rain formation process: Satellite observations and modeling,,2013,10.1002/jgrd.50043,45,Kentaroh Suzuki; G. Stephens; M. Lebsock
exclude,0.0,Atmospheric Humidity Sounding Using Differential Absorption Radar Near 183 GHz,IEEE Geoscience and Remote Sensing Letters,2018,10.1109/lgrs.2017.2776078,42,K. Cooper; Raquel Rodriguez Monje; L. Millán; M. Lebsock; S. Tanelli; J. Siles; Choonsup Lee; Andrew Brown
exclude,0.0,CloudSat and CALIPSO within the A-Train: Ten Years of Actively Observing the Earth System,,2017,10.1175/bams-d-16-0324.1,42,Graeme L. Stephens; D. Winker; Jacques Pelon; C. Trepte; D. Vane; Cheryl Yuhas; T. L’Ecuyer; M. Lebsock
exclude,0.0,Arctic Observation and Reanalysis Integrated System: A New Data Product for Validation and Climate Study,,2016,10.1175/bams-d-14-00273.1,41,M. Christensen; A. Behrangi; T. L’Ecuyer; N. Wood; M. Lebsock; G. Stephens
exclude,0.0,Information content of near‐infrared spaceborne multiangular polarization measurements for aerosol retrievals,,2007,10.1029/2007jd008535,40,M. Lebsock; T. L’Ecuyer; G. Stephens
exclude,0.0,Regional Intensification of the Tropical Hydrological Cycle During ENSO,,2018,10.1029/2018gl077598,36,G. Stephens; M. Hakuba; M. Webb; M. Lebsock; Q. Yue; B. Kahn; S. Hristova-Veleva; A. Rapp; C. Stubenrauch; G. Elsaesser; J. Slingo
exclude,0.0,Improved Retrieval of Cloud Liquid Water from CloudSat and MODIS,,2016,10.1175/jamc-d-16-0077.1,34,J. Leinonen; M. Lebsock; G. Stephens; Kentaroh Suzuki
exclude,0.0,North Sea near-surface wind climate and its relation to the large-scale circulation patterns,,2010,10.1007/s00704-009-0149-2,27,K. Suselj; A. Sood; D. Heinemann
exclude,0.0,On the Consequences of Resampling Microwave Radiometer Observations for Use in Retrieval Algorithms,,2009,10.1175/2009jamc2155.1,27,A. Rapp; M. Lebsock; C. Kummerow
exclude,0.0,Causes of WRF surface energy fluxes biases in a stratocumulus region,Climate Dynamics,2015,10.1007/s00382-015-2599-9,25,A. Jousse; A. Hall; F. Sun; João Paulo Ramos Teixeira
exclude,0.0,Segmental durations predicted with a neural network,Interspeech,2003,10.21437/eurospeech.2003-91,24,João Paulo Ramos Teixeira; D. Freitas
exclude,0.0,Observational Constraint for Precipitation in Extratropical Cyclones: sensitivity to data sources,,2018,10.1175/jamc-d-17-0289.1,23,C. Naud; J. Booth; M. Lebsock; M. Grecu
exclude,0.0,"Phonetic events from the labeling the european portuguese database for speech synthesis, FEUP/IPBDB",Interspeech,2001,10.21437/eurospeech.2001-400,21,João Paulo Ramos Teixeira; D. Freitas; D. Braga; M. Barros; V. Latsch
exclude,0.0,Interregional differences in MODIS‐derived cloud regimes,,2016,10.1002/2016jd025193,20,J. Leinonen; M. Lebsock; L. Oreopoulos; N. Cho
exclude,0.0,An observed tropical oceanic radiative-convective cloud feedback.,,2010,10.1175/2009jcli3091.1,20,M. Lebsock; C. Kummerow; G. Stephens
exclude,0.0,Variability of Wind Sea and Swell Waves in the North Atlantic Based on ERA-40 Re-analysis,,2009,,19,Á. Semedo; K. Suselj; A. Rutgersson
exclude,0.0,Differential absorption radar techniques: surface pressure,,2014,10.5194/amt-7-3959-2014,18,L. Millán; M. Lebsock; N. Livesey; S. Tanelli; G. Stephens
exclude,0.0,"Analysis and Forecasting Incidence, Intensive Care Unit Admissions, and Projected Mortality Attributable to COVID-19 in Portugal, the UK, Germany, Italy, and France: Predictions for 4 Weeks Ahead",Bioengineering,2021,10.3390/bioengineering8060084,16,Kathleen Carvalho; J. Vicente; M. Jakovljevic; João Paulo Ramos Teixeira
exclude,0.0,Acoustic Analysis of Chronic Laryngitis - Statistical Analysis of Sustained Speech Parameters,International Conference on Bio-inspired Systems and Signal Processing,2018,10.5220/0006586301680175,15,João Paulo Ramos Teixeira; J. Fernandes; F. Teixeira; P. Fernandes
exclude,0.0,Climate feedbacks in the Earth system and prospects for their evaluation,,2018,10.5194/esd-2018-84,12,C. Heinze; V. Eyring; V. Eyring; P. Friedlingstein; Colin G. Jones; Y. Balkanski; W. Collins; T. Fichefet; Shuang Gao; A. Hall; D. Ivanova; D. Ivanova; W. Knorr; R. Knutti; A. Löw; M. Ponater; M. Schultz; M. Schulz; P. Siebesma; P. Siebesma; João Paulo Ramos Teixeira; G. Tselioudis; M. Vancoppenolle
exclude,0.0,Eastern Pacific Cloud Aerosol Precipitation Experiment (EPCAPE) Science Plan,,2021,10.2172/1804710,12,Lynn Russell; B. Pnnl; D. Lubin; I. Silber; E. Eloranta; J. Muelmenstaedt; S. Burrows; A. Aiken; Dié Wang; M. Petters; Mark Miller; A. Ackerman; A. Fridlind; M. Witte; M. Lebsock; D. Painemal; R. Chang; J. Liggio; M. Wheeler
exclude,0.0,Determination of Harmonic Parameters in Pathological Voices—Efficient Algorithm,Applied Sciences,2023,10.3390/app13042333,10,J. Fernandes; Diamantino Freitas; A. Júnior; João Paulo Ramos Teixeira
exclude,0.0,Is the Mediterranean Sea surface height variability predictable,,2008,10.1016/j.pce.2006.12.001,9,K. Suselj; M. Tsimplis; K. Bergant
exclude,0.0,Prediction of fujisaki model's phrase commands,Interspeech,2003,10.21437/eurospeech.2003-154,9,João Paulo Ramos Teixeira; D. Freitas; H. Fujisaki
exclude,0.0,Modelização paramétrica de sinais para aplicação em sistemas de conversão texto-fala,,1995,,7,João Paulo Ramos Teixeira
exclude,0.0,Climate Impact of Cloud Water Inhomogeneity through Microphysical Processes in a Global Climate Model,Journal of Climate,2020,10.1175/jcli-d-19-0772.1,6,Haruka Hotta; Kentaroh Suzuki; D. Goto; M. Lebsock
exclude,0.0,Correcting Biased Evaporation in CloudSat Warm Rain,IEEE Transactions on Geoscience and Remote Sensing,2017,10.1109/tgrs.2017.2722469,6,P. Kalmus; M. Lebsock
exclude,0.0,Status of the CloudSat Mission,,2020,10.1007/978-3-030-24568-9_2,5,M. Lebsock; T. L’Ecuyer; N. Wood; J. Haynes; M. Smalley
exclude,0.0,Evaluation of a Segmental Durations Model for TTS,International Conference on Computational Processing of the Portuguese Language,2003,10.1007/3-540-45011-4_6,4,João Paulo Ramos Teixeira; D. Freitas
exclude,0.0,2022: DOE-NOAA Marine Cloud Brightening Workshop,,2022,10.2172/1902718,3,G. Feingold; V. Ghate; Lynn Russell; P. Blossey; W. Cantrell; M. Christensen; M. Diamond; A. Gettelman; F. Glassmeier; James Haywood; F. Hoffmann; C. Kaul; M. Lebsock; A. McComiskey; D. McCoy; Y. Ming; J. Muelmenstaedt; A. Possner; Prasanth Prabhakaran; P. Quinn; S. Schmidt; R. Shaw; C. Singer; A. Sorooshian; V. Toll; Jessica S. Wan; R. Wood; Fan Yang; Jianhao Zhang; Xue-Song Zheng
exclude,0.0,A Global View of the Wind Sea and Swell Waves Interannual Variability from ERA-40,,2009,,2,Á. Semedo; K. Suselj
exclude,0.0,Wind resource and site assessment in the German Bight: Extreme Winds at Meso- to Microscale,,2007,,2,A. Sood; K. Suselj; D. Heinemann; Forwind
exclude,0.0,A formação em enfermagem de reabilitação em Portugal entre 1963 e 2005,Revista de Enfermagem Referência,2021,10.12707/rv20054,2,Nuno Correia; João Paulo Ramos Teixeira; Rafael Bernardes; P. Queirós
exclude,0.0,Alzheimer's electroencephalogram event scalp localization,Systems,2015,10.1109/nds.2015.7332640,2,P. Rodrigues; D. Freitas; João Paulo Ramos Teixeira
exclude,0.0,Evaluation of EEG spectral features in alzheimer disease discrimination,European Signal Processing Conference,2013,10.5281/zenodo.43596,2,P. Rodrigues; Bruno C. Bispo; D. Freitas; João Paulo Ramos Teixeira; A. Carreres
exclude,0.0,On the Use of Prosodic Labelling in Corpus-Based Linguistic Studies of Spontaneous Speech,"International Conference on Text, Speech and Dialogue",2003,10.1007/978-3-540-39398-6_55,2,D. Braga; D. Freitas; João Paulo Ramos Teixeira; Aldina Marques
exclude,0.0,Developing a voiced information retrieval system for the portuguese language capable to handle both brazilian and portuguese spoken versions,EUROSPEECH,1999,10.21437/eurospeech.1999-91,2,Márcio N. de Souza; E. Caprini; G. J. C. Machado; M. V. Ludolf; L. Calôba; J. Seixas; F. Resende; S. Netto; D. Freitas; João Paulo Ramos Teixeira; Carlos Espain; V. Pera; F. Moreira
exclude,0.0,Cloud Dynamics Revealed by a G-band Humidity-Sounding Differential Absorption Radar,International Radar Conference,2020,10.1109/radarconf2043947.2020.9266525,2,K. Cooper; R. Beauchamp; R. Roy; L. Millán; M. Lebsock; R. Monje
exclude,0.0,Decontamination of sea level trends at tide gauges by use of modes,,2005,,1,M. Tsimplis; A. Shaw; O. Andersen; L. Fenoglio-Marc; N. Kjaer; P. Knudsen; M. Pasarić; F. Raicich; K. Suselj
exclude,0.0,Smart Data Driven System for Pathological Voices Classification,OL2A,2022,10.1007/978-3-031-23236-7_29,1,J. Fernandes; Arnaldo Candido; Diamantino Freitas; João Paulo Ramos Teixeira
exclude,0.0,"Supporting material for ""Reappraisal of the effective radiative forcing of ozone-depleting substances""",,2020,10.5281/zenodo.3923155,1,Olaf Morgenstern; F. O’Connor; B. Johnson; G. Zeng; J. Mulcahy; Jonny H. T. Williams; João Paulo Ramos Teixeira; M. Michou; P. Nabat; L. Horowitz; V. Naik; L. T. Sentman; M. Deushi; S. Bauer; K. Tsigaridis; D. Shindell; D. Kinnison
exclude,0.0,Evaluation of a system for F0 contour prediction for european Portuguese,Interspeech,2005,10.21437/interspeech.2005-564,1,João Paulo Ramos Teixeira; D. Freitas; H. Fujisaki
exclude,0.0,A Project of Speech Input and Output in an E-commerce Application,PorTAL,2002,10.1007/3-540-45433-0_22,1,D. Freitas; António Moura; D. Braga; Hélder Ferreira; João Paulo Ramos Teixeira; M. Barros; Paulo Gouveia; V. Latsch
exclude,0.0,Variable length coding of transformed LSF coefficients,EUROSPEECH,1999,10.21437/eurospeech.1999-375,1,João Paulo Ramos Teixeira; Elisabete Rosa Paulo; D. Freitas; M. Pinto
exclude,0.0,Millimeter- and Submillimeter-Wave Differential Absorption Radar,European Radar Conference,2021,10.1109/eurad48048.2021.00102,1,K. Cooper; R. Roy; J. Siles; M. Lebsock; L. Millán; R. Rodriguez-Monje; R. Dengler; Omkar Pradhan; L. Tamppari; B. Drouin
exclude,0.0,FMCW radars at 95 and 183 GHz for planetary and earth science remote sensing,Global Symposium on Millimeter-Waves,2016,10.1109/gsmm.2016.7500330,1,K. Cooper; S. Durden; M. Choukroun; M. Lebsock; J. Siles; R. Monje; Choonsup Lee
exclude,0.0,Cloud Properties,Encyclopedia of Remote Sensing,2014,10.1007/978-0-387-36699-9_17,1,M. Lebsock; Steve Cooper
exclude,0.0,Comment on gmd-2022-162 Anonymous Referee,,2022,,0,M. Chinita; Mikael Witte; M. Kurowski; J. Teixeira; K. Suselj; G. Matheou
exclude,0.0,The NCEP-NCAR Stratocumulus-to-Cumulus Transition Climate Process Team,,2012,,0,C. Bretherton; J. Teixeira; P. Blossey; P. Caldwell; J. Fletcher; J. Han; C. Jones; S. A. Klein; C. Mechoso; H. Pan; Sang‐Hun Park; R. Sun; K. Suselj; M. Witek; H. Xiao
exclude,0.0,Global Distribution of the Wave Age Parameter,,2010,,0,A. Semedo; A. Rutgersson; A. Sterl; U. Högström; A. Smedman; K. Suselj
exclude,0.0,Modelling of the near-surface wind speed,,2009,,0,K. Suselj
exclude,0.0,First Version of a Support System for the Medical Diagnosis of Pathologies in the Larynx,International Joint Conference on Biomedical Engineering Systems and Technologies,2022,10.1007/978-3-031-38854-5_1,0,J. Fernandes; Diamantino Freitas; João Paulo Ramos Teixeira
exclude,0.0,Voice Pathologies The Most Comum Features and Classification Tools,,2022,,0,Joana Filipa; Teixeira Fernandes; Diamantino Freitas; João Paulo Ramos Teixeira
exclude,0.0,Voice Pathologies : The Most Comum Features and Classification Tools,Iberian Conference on Information Systems and Technologies,2021,10.23919/cisti52073.2021.9476466,0,Joana Filipa Teixeira Fernandes; D. Freitas; João Paulo Ramos Teixeira
exclude,0.0,Pure-tone Audiogram - Measuring Auditory Sensitivity over the Age,International Conference on Biomedical Electronics and Devices,2013,10.5220/0004328802930296,0,João Paulo Ramos Teixeira; P. Fernandes
exclude,0.0,G-Band Radar Demonstration for Microphysics Field Campaign Report,,2025,10.2172/3018525,0,M. Lebsock; R. Rodriguez-Monje; K. Cooper
exclude,0.0,Dimming the Sun (DimSun) using Controllable Swarm of Smallbody Regolith Particles,IEEE Aerospace Conference,2025,10.1109/aero63441.2025.11068752,0,Saptarshi Bandyopadhyay; Sriramya Bhamidipati; Maira Saboia da Silva; Mark T. Richardson; M. Hakuba; M. Lebsock; Aditya A. Paranjape; A. Nanjangud; Tushar Jadhav; C. Percival; E. Fishbein; J. Reager; Amir Rahmani
exclude,0.0,"Comment on egusphere-2022-1217 Anonymous Referee #2 Referee comment on ""The classification of atmospheric hydrometeors and aerosols from the EarthCARE radar and lidar: the A-TC, C-TC and AC-TC products"" by Abdanour Irbah",,2023,,0,M. Lebsock
exclude,0.0,"Editorial: Remote sensing of cloud, aerosols, and radiation from satellites",Frontiers in Remote Sensing,2022,10.3389/frsen.2022.1040835,0,Á. M. da Silva; S. Kato; H. Baker; J. Redemann; D. Posselt; R. Ferrare; M. Lebsock
exclude,0.0,Reply on RC2,,2021,10.5194/amt-2021-111-ac2,0,M. Lebsock
exclude,0.0,Reply on RC1,,2021,10.5194/amt-2021-111-ac1,0,M. Lebsock
exclude,0.0,Validation of the Vapor In-cloud Profiling Radar,,2020,,0,M. Lebsock
exclude,0.0,referee comment,,2020,10.5194/amt-2020-80-rc2,0,M. Lebsock
exclude,0.0,Demonstration of a New Water Vapor Radar Field Campaign Report,,2019,10.2172/1573484,0,M. Lebsock; B. Pnnl; R. Roy; K. Cooper; L. Millán
exclude,0.0,Exploiting the Surface Reflectance from CloudSat to Constrain the CLWP and Evaluate cloud climatologies.,,2018,,0,M. Lebsock
exclude,0.0,"Erratum to ""Atmospheric Humidity Sounding Using Differential Absorption Radar Near 183 GHz""",IEEE Geoscience and Remote Sensing Letters,2018,10.1109/lgrs.2018.2844561,0,K. Cooper; R. Monje; L. Millán; M. Lebsock; S. Tanelli; J. Siles; Choonsup Lee; Andrew Brown
exclude,0.0,formal review,,2018,10.5194/acp-2018-697-rc1,0,M. Lebsock
exclude,0.0,Response to reviewers Response to Reviewer # 1,,2018,,0,M. Lebsock
exclude,0.0,"Supplementary material to ""Liquid marine cloud geometric thickness retrieved from OCO-2's oxygen A-band spectrometer""",,2018,10.5194/amt-2018-387-supplement,0,M. Richardson; J. Leinonen; H. Cronk; J. McDuffie; M. Lebsock; G. Stephens
exclude,0.0,Dynamically driven super C-C intensification of the tropical hydrological cycle,,2017,,0,M. Hakuba; G. Stephens; B. Kahn; Q. Yue; M. Lebsock; S. Hristova-Veleva; A. Rapp; C. Stubenrauch
exclude,0.0,Differential Absorption Radar for Water Vapor Sounding,,2017,,0,M. Lebsock
exclude,0.0,"Correction to: An Observational View of Relationships Between Moisture Aggregation, Cloud, and Radiative Heating Profiles",Surveys in geophysics,2017,10.1007/s10712-017-9449-8,0,M. Lebsock; T. L’Ecuyer; R. Pincus
exclude,0.0,A MAGIC error budget of CloudSat warm marine rain,,2016,,0,P. Kalmus; M. Lebsock
exclude,0.0,The three-dimensional distribution of cloud liquid water observed by the A-Train,,2016,,0,J. Leinonen; M. Lebsock; G. Stephens
exclude,0.0,Performance assessment of a spaceborne cloud--precipitation radar concept,,2015,,0,J. Leinonen; M. Lebsock; S. Tanelli; K. Suzuki; H. Yashiro; Y. Miyamoto
exclude,0.0,Evaluation of interregional variability in MODIS cloud regimes,,2015,,0,J. Leinonen; M. Lebsock; L. Oreopoulos; N. Cho
exclude,0.0,Spaceborne precipitation radar simulation from a global cloud resolving model,,2014,,0,J. Leinonen; M. Lebsock; K. Suzuki; H. Yashiro; Y. Miyamoto
exclude,0.0,Using Active Satellite Observations to Characterize Uncertatinty in Long Term Satellite Cloud Liquid Water Path Climatologies,,2014,,0,M. Lebsock
exclude,0.0,Using CloudSat and the A-Train for Model Evaluation,,2013,,0,M. Lebsock; Kenta Suzuki; G. Stephens
exclude,0.0,Complementary information from TRMM and CloudSat to improve our global estimate of precipitation,,2013,,0,A. Behrangi; G. Stephens; R. Adler; G. Huffman; B. Lambrigtsen; M. Lebsock
exclude,0.0,Using active spaceborne sensors to quantify bias in passive remote sensing of the cloud liquid water path,,2013,,0,M. Lebsock
exclude,0.0,On Precipitation in the Southeastern Pacific Marine Subsidence Region,,2012,,0,A. Rapp; M. Lebsock; T. L’Ecuyer
exclude,0.0,THE RELATIONSHIP BETWEEN RAIN AND CLOUD WATER AS OBSERVED FROM THE A-TRAIN,,2010,,0,M. Lebsock; C. Kummerow
exclude,0.0,"Relationships between aerosol, cloud, and precipitation as observed from the A-train constellation of spaceborne sensors",,2009,,0,M. Lebsock
exclude,0.0,Understanding Aerosol Effects on Precipitation using the Precipitation Susceptibility Construct,,2009,,0,A. Sorooshian; G. Feingold; M. Lebsock; H. Jiang; G. Stephens
exclude,0.0,Sensitivity analysis and optimal estimation retrieval of aerosol optical properties over oceans utilizing simulated multi-angular and polarized radiances,SPIE Remote Sensing,2005,10.1117/12.638609,0,M. Lebsock; G. Stephens
